JH_Event_No,latitude,longitude,depth,mag,magType,nst,gap,dmin,rms,horizontalError,depthError,magError,magNst,Perception,Mecalli
1.97E+13,6.746,-72.971,160,5.6,mw,,,,,,,,,Not felt,I
1.97E+13,6.741,-73.002,159.4,5.7,mw,,,,,,,,,Not felt,I
1.97E+13,7.44,-72.1,18.6,5.8,mw,,,,,,,,,Not felt,II
1.97E+13,6.239,-77.476,15,5.8,mw,,,,,,,,,Felt by a few,III
1.97E+13,4.631,-76.028,84,5,mb,,,,,,,,,Not felt,I
1.97E+13,6.865,-72.889,171,4,mb,,,,,,,,,Not felt,I
1.97E+13,6.822,-73.003,162,5,mb,,,,,,,,,Not felt,I
1.97E+13,6.835,-73.042,156,5,mb,,,,,,,,,Not felt,I
1.97E+13,9.142,-74.256,85,4.7,mb,,,,,,,,,Not felt,I
1.97E+13,6.785,-72.997,157,5.3,mb,,,,,,,,,Not felt,I
1.97E+13,4.912,-78.324,33,4.5,mb,,,,,,,,,Not felt,I
1.97E+13,4.941,-78.297,33,4.7,mb,,,,,,,,,Not felt,I
1.97E+13,4.929,-78.18,33,4.6,mb,,,,,,,,,Not felt,I
1.97E+13,4.9,-78.463,33,4.6,mb,,,,,,,,,Not felt,I
1.97E+13,5.082,-78.168,33,5.2,mb,,,,,,,,,Not felt,I
1.97E+13,4.803,-78.831,33,4.5,mb,,,,,,,,,Not felt,I
1.97E+13,4.993,-77.96,23,5,mb,,,,,,,,,Not felt,II
1.97E+13,5.079,-72.754,68,4.8,mb,,,,,,,,,Not felt,I
1.97E+13,6.868,-72.978,163,4.5,mb,,,,,,,,,Not felt,I
1.97E+13,6.845,-72.926,157,3.8,mb,,,,,,,,,Not felt,I
1.97E+13,7.309,-72.867,187,4.3,mb,,,,,,,,,Not felt,I
1.97E+13,5.239,-78.11,33,5.3,mb,,,,,,,,,Not felt,I
1.97E+13,7.496,-77.245,15,4.9,mb,,,,,,,,,Not felt,II
1.97E+13,6.843,-73.076,151,5,mb,,,,,,,,,Not felt,I
1.97E+13,9.793,-78.64,33,4.7,mb,,,,,,,,,Not felt,I
1.97E+13,6.674,-77.34,85,4,mb,,,,,,,,,Not felt,I
1.97E+13,6.841,-73.037,160,5.1,mb,,,,,,,,,Not felt,I
1.97E+13,6.784,-72.898,167,4.1,mb,,,,,,,,,Not felt,I
1.97E+13,4.54,-73.986,71,4.4,mb,,,,,,,,,Not felt,I
1.97E+13,7.546,-77.652,23,5.2,mb,,,,,,,,,Not felt,II
1.97E+13,7.407,-77.856,33,5.1,mb,,,,,,,,,Not felt,I
1.97E+13,5.107,-76.716,40,4.2,mb,,,,,,,,,Not felt,I
1.97E+13,8.139,-77.566,33,4.6,mb,,,,,,,,,Not felt,I
1.97E+13,7.704,-77.717,5,5.7,ms,,,,,,,,,Some damage,VII
1.97E+13,7.814,-77.775,48,4.3,mb,,,,,,,,,Not felt,I
1.97E+13,7.748,-77.595,18,4.6,mb,,,,,,,,,Not felt,II
1.97E+13,7.745,-77.612,15,5.9,mb,,,,,,,,,Felt by a few,III
1.97E+13,7.861,-77.513,33,4.1,mb,,,,,,,,,Not felt,I
1.97E+13,7.741,-77.396,17,4.8,mb,,,,,,,,,Not felt,II
1.97E+13,7.766,-77.468,33,4.9,mb,,,,,,,,,Not felt,I
1.97E+13,7.802,-77.218,33,4.8,mb,,,,,,,,,Not felt,I
1.97E+13,7.689,-77.376,33,4.7,mb,,,,,,,,,Not felt,I
1.97E+13,7.223,-77.382,33,4.6,mb,,,,,,,,,Not felt,I
1.97E+13,8.221,-77.206,33,4.1,mb,,,,,,,,,Not felt,I
1.97E+13,2.691,-71.418,43,5.8,ms,,,,,,,,,Not felt,I
1.97E+13,7.737,-77.598,21,5,mb,,,,,,,,,Not felt,II
1.97E+13,8.059,-77.494,33,4.9,mb,,,,,,,,,Not felt,I
1.97E+13,7.335,-78.644,33,5.1,mb,,,,,,,,,Not felt,I
1.97E+13,6.19,-72.143,90,4.3,mb,,,,,,,,,Not felt,I
1.98E+13,7.086,-77.89,33,4.5,mb,,,,,,,,,Not felt,I
1.98E+13,7.137,-78.27,23,4.8,mb,,,,,,,,,Not felt,II
1.98E+13,2.852,-75.367,83,4,mb,,,,,,,,,Not felt,I
1.98E+13,4.616,-75.959,150,4.6,mb,,,,,,,,,Not felt,I
1.98E+13,8.721,-72.539,205,4.3,mb,,,,,,,,,Not felt,I
1.98E+13,-0.01,-77.905,71,4.1,mb,,,,,,,,,Not felt,I
1.98E+13,6.691,-72.92,156,4.2,mb,,,,,,,,,Not felt,I
1.98E+13,6.253,-76.918,44,5.4,mb,,,,,,,,,Not felt,I
1.98E+13,6.536,-76.911,33,4.4,mb,,,,,,,,,Not felt,I
1.98E+13,6.849,-72.858,187,3.6,mb,,,,,,,,,Not felt,I
1.98E+13,6.982,-77.685,33,4.1,mb,,,,,,,,,Not felt,I
1.98E+13,6.618,-72.889,166,4.5,mb,,,,,,,,,Not felt,I
1.98E+13,6.803,-73.033,157,4.9,mb,,,,,,,,,Not felt,I
1.98E+13,7.727,-77.902,22,5.1,mb,,,,,,,,,Not felt,II
1.98E+13,6.82,-73.007,170,4.7,mb,,,,,,,,,Not felt,I
1.98E+13,6.791,-73.093,163,3.5,mb,,,,,,,,,Not felt,I
1.98E+13,2.619,-71.077,50,4.8,mb,,,,,,,,,Not felt,I
1.98E+13,3.498,-76.388,132,4.5,mb,,,,,,,,,Not felt,I
1.98E+13,7.344,-78.292,33,4.6,mb,,,,,,,,,Not felt,I
1.98E+13,7.111,-78.272,33,4.9,mb,,,,,,,,,Not felt,I
1.98E+13,6.997,-78.175,33,5,mb,,,,,,,,,Not felt,I
1.98E+13,7.004,-78.091,33,4.6,mb,,,,,,,,,Not felt,I
1.98E+13,7.44,-78.559,33,5.2,mb,,,,,,,,,Not felt,I
1.98E+13,7.502,-78.116,33,4.5,mb,,,,,,,,,Not felt,I
1.98E+13,7.256,-77.82,33,4.8,mb,,,,,,,,,Not felt,I
1.98E+13,7.327,-77.848,33,4.5,mb,,,,,,,,,Not felt,I
1.98E+13,7.183,-78.011,33,4.5,mb,,,,,,,,,Not felt,I
1.98E+13,7.232,-78.302,33,5.3,mb,,,,,,,,,Not felt,I
1.98E+13,7.343,-78.366,33,4.8,mb,,,,,,,,,Not felt,I
1.98E+13,7.581,-78.165,33,4.8,mb,,,,,,,,,Not felt,I
1.98E+13,7.231,-78.182,33,5.1,mb,,,,,,,,,Not felt,I
1.98E+13,6.735,-72.976,170,4.7,mb,,,,,,,,,Not felt,I
1.98E+13,6.502,-76.861,62,4.6,mb,,,,,,,,,Not felt,I
1.98E+13,6.872,-77.558,22,4.5,mb,,,,,,,,,Not felt,II
1.98E+13,5.919,-77.377,17,5.1,mb,,,,,,,,,Not felt,II
1.98E+13,7.262,-72.314,117,5.1,mb,,,,,,,,,Not felt,I
1.98E+13,4.249,-75.528,197,4.8,mb,,,,,,,,,Not felt,I
1.98E+13,6.812,-72.909,165,4.9,mb,,,,,,,,,Not felt,I
1.98E+13,6.745,-73.023,163,5.1,mb,,,,,,,,,Not felt,I
1.98E+13,3.62,-74.493,135,4.3,mb,,,,,,,,,Not felt,I
1.98E+13,6.607,-71.926,59,4.4,mb,,,,,,,,,Not felt,I
1.98E+13,7.356,-78.034,8,5.1,mb,,,,,,,,,Not felt,IV
1.98E+13,7.16,-72.132,70,5.1,mb,,,,,,,,,Not felt,I
1.98E+13,6.846,-73.025,167,4.6,mb,,,,,,,,,Not felt,I
1.98E+13,7.443,-76.258,28,5.3,mb,,,,,,,,,Not felt,II
1.98E+13,6.019,-77.544,33,5,mb,,,,,,,,,Not felt,I
1.98E+13,3.301,-73.441,44,5.1,mb,,,,,,,,,Not felt,I
1.98E+13,6.787,-73.038,163,5,mb,,,,,,,,,Not felt,I
1.98E+13,6.794,-72.999,165,4.8,mb,,,,,,,,,Not felt,I
1.98E+13,9.323,-78.479,92,5.3,mb,,,,,,,,,Not felt,I
1.98E+13,6.756,-73.009,165,5,mb,,,,,,,,,Not felt,I
1.98E+13,6.812,-73.051,165,4.5,mb,,,,,,,,,Not felt,I
1.98E+13,6.796,-73.04,162,4.9,mb,,,,,,,,,Not felt,I
1.98E+13,8.321,-77.565,36,5.2,mb,,,,,,,,,Not felt,I
1.98E+13,6.993,-73.275,154,4,mb,,,,,,,,,Not felt,I
1.98E+13,5.992,-73.907,121,4.8,mb,,,,,,,,,Not felt,I
1.98E+13,12.841,-70.691,33,4.4,mb,,,,,,,,,Not felt,I
1.98E+13,6.226,-72.91,165,4.5,mb,,,,,,,,,Not felt,I
1.98E+13,8.355,-70.985,23,5.6,mb,,,,,,,,,Not felt,II
1.98E+13,6.854,-73.12,162,4.3,mb,,,,,,,,,Not felt,I
1.98E+13,6.997,-73.224,157,4.1,mb,,,,,,,,,Not felt,I
1.98E+13,6.65,-72.837,177,4.3,mb,,,,,,,,,Not felt,I
1.98E+13,8.333,-73.408,124,4.2,mb,,,,,,,,,Not felt,I
1.98E+13,6.831,-73.025,164,4.4,mb,,,,,,,,,Not felt,I
1.98E+13,6.837,-73.009,165,4.4,mb,,,,,,,,,Not felt,I
1.98E+13,3.475,-78.443,33,4.7,mb,,,,,,,,,Not felt,I
1.98E+13,3.394,-78.926,33,4.7,mb,,,,,,,,,Not felt,I
1.98E+13,2.905,-78.826,33,5,mb,,,,,,,,,Not felt,I
1.98E+13,3.616,-78.319,33,5.1,mb,,,,,,,,,Not felt,I
1.98E+13,2.776,-78.725,33,4.6,mb,,,,,,,,,Not felt,I
1.98E+13,3.447,-77.913,33,4.8,mb,,,,,,,,,Not felt,I
1.98E+13,2.884,-78.857,33,4.1,mb,,,,,,,,,Not felt,I
1.98E+13,6.831,-73.04,156,4.8,mb,,,,,,,,,Not felt,I
1.98E+13,6.716,-72.949,170,4.4,mb,,,,,,,,,Not felt,I
1.98E+13,6.669,-72.958,170,4.8,mb,,,,,,,,,Not felt,I
1.98E+13,8.278,-77.384,33,4.8,mb,,,,,,,,,Not felt,I
1.98E+13,4.437,-75.779,162,5.7,mb,,,,,,,,,Not felt,I
1.98E+13,6.757,-72.971,174,4.4,mb,,,,,,,,,Not felt,I
1.98E+13,2.291,-78.888,57,4.6,mb,,,,,,,,,Not felt,I
1.98E+13,6.716,-73.037,167,4.5,mb,,,,,,,,,Not felt,I
1.98E+13,7.919,-77.844,33,5.2,mb,,,,,,,,,Not felt,I
1.98E+13,8.05,-77.654,33,4.8,mb,,,,,,,,,Not felt,I
1.98E+13,6.648,-72.865,180,5,mb,,,,,,,,,Not felt,I
1.98E+13,3.994,-76.122,122,4,mb,,,,,,,,,Not felt,I
1.98E+13,6.71,-72.965,168,5,mb,,,,,,,,,Not felt,I
1.98E+13,6.748,-72.934,177,4.5,mb,,,,,,,,,Not felt,I
1.98E+13,6.97,-76.466,33,5,mb,,,,1.3,,,,41,Not felt,I
1.98E+13,4.877,-76.322,119.1,4.6,mb,,,,0.8,,6.8,,5,Not felt,I
1.98E+13,0.922,-78.589,116.8,4.7,mb,,,,1,,6.6,,10,Not felt,I
1.98E+13,3.895,-76.409,58.4,5,mb,,,,0.9,,3.5,,56,Not felt,I
1.98E+13,8.381,-74.49,77,4.3,mb,,,,0.9,,,,1,Not felt,I
1.98E+13,6.885,-76.725,33,4.8,ms,,,,0.9,,,,4,Not felt,I
1.98E+13,6.889,-76.588,33,4.9,mb,,,,1.2,,,,9,Not felt,I
1.98E+13,6.982,-73.294,170.5,4.7,mb,,,,0.6,,6.5,,1,Not felt,I
1.98E+13,6.744,-73.091,166.7,5,mb,,,,1,,4.6,,24,Not felt,I
1.98E+13,6.756,-73.019,169.7,4.6,mb,,,,0.9,,3.1,,6,Not felt,I
1.98E+13,6.763,-73.027,168.5,4.6,mb,,,,1,,3.4,,17,Not felt,I
1.98E+13,5.808,-78.323,33,5.3,mb,,,,1,,,,50,Not felt,I
1.98E+13,6.808,-73.023,167.7,4.3,mb,,,,0.8,,2.9,,6,Not felt,I
1.98E+13,3.665,-78.748,33,4.7,mb,,,,1.1,,,,4,Not felt,I
1.98E+13,6.753,-73.041,162.5,4.5,mb,,,,0.9,,4.2,,7,Not felt,I
1.98E+13,6.952,-77.955,33,4.8,mb,,,,1,,,,12,Not felt,I
1.98E+13,3.037,-78.85,33,4.2,mb,,,,1,,,,2,Not felt,I
1.98E+13,6.683,-73.06,179,4.7,mb,,,,1.1,,,,23,Not felt,I
1.98E+13,5.064,-78.339,33,4.6,mb,,,,1.3,,,,3,Not felt,I
1.98E+13,6.751,-72.978,167.4,4.3,mb,,,,0.9,,3.2,,3,Not felt,I
1.98E+13,6.705,-76.628,43.1,4.3,mb,,,,0.9,,8.4,,5,Not felt,I
1.98E+13,6.815,-73.162,170.2,4.5,mb,,,,0.5,,5.6,,4,Not felt,I
1.98E+13,7.178,-78.369,33,4.3,mb,,,,1.3,,,,1,Not felt,I
1.98E+13,0.283,-77.304,33,4.6,mb,,,,1.4,,,,5,Not felt,I
1.98E+13,6.686,-72.871,181.4,4.4,mb,,,,0.8,,3.7,,5,Not felt,I
1.98E+13,7.426,-72.509,78.9,4.8,mb,,,,0.4,,8.3,,2,Not felt,I
1.98E+13,6.876,-73.042,159.9,4.3,mb,,,,1.6,,9.3,,1,Not felt,I
1.98E+13,6.837,-73.038,167.4,4.7,mb,,,,0.9,,3.6,,2,Not felt,I
1.98E+13,5.315,-75.743,141.2,4.4,mb,,,,1.1,,16.2,,6,Not felt,I
1.98E+13,6.43,-73.315,139.6,4.6,mb,,,,1,,8.6,,6,Not felt,I
1.98E+13,6.762,-73.035,165,4.6,mb,,,,1,,3.3,,3,Not felt,I
1.98E+13,6.899,-73.134,158.8,4.8,mb,,,,1.2,,5.2,,6,Not felt,I
1.98E+13,6.852,-73.043,164.1,4.7,mb,,,,0.9,,2.8,,7,Not felt,I
1.98E+13,6.763,-73.014,159.9,5,mb,,,,1,,,,22,Not felt,I
1.98E+13,7.101,-73.345,138.4,4.4,mb,,,,1.1,,5.3,,2,Not felt,I
1.98E+13,6.745,-72.989,170,4.4,mb,,,,0.7,,3.7,,4,Not felt,I
1.98E+13,7.515,-77.462,33,4.5,mb,,,,1.1,,,,5,Not felt,I
1.98E+13,6.752,-73.072,168.3,4.9,mb,,,,0.9,,2.4,,27,Not felt,I
1.98E+13,6.891,-73.192,168.1,4.7,mb,,,,1.4,,6.2,,2,Not felt,I
1.98E+13,9.662,-78.552,45.7,4.5,mb,,,,0.7,,5.2,,10,Not felt,I
1.98E+13,8.266,-77.446,33,4.5,mb,,,,1,,,,4,Not felt,I
1.98E+13,6.444,-77.665,50.8,4.1,mb,,,,0.5,,4.2,,2,Not felt,I
1.98E+13,4.575,-76.811,46.3,4.4,mb,,,,1.2,,7.3,,5,Not felt,I
1.98E+13,9.645,-74.782,64.7,5,mb,,,,1.3,,6.1,,6,Not felt,I
1.98E+13,6.651,-77.421,12.7,4.3,mb,,,,1.3,,4.7,,4,Not felt,II
1.98E+13,3.016,-78.645,42.5,4.7,mb,,,,1.1,,6.2,,17,Not felt,I
1.98E+13,8.788,-73.146,154.2,4.8,mb,,,,0.9,,2.6,,41,Not felt,I
1.98E+13,6.777,-73.075,160.6,4.8,mb,,,,1.3,,4,,6,Not felt,I
1.99E+13,6.863,-73.06,159,4.6,mb,,,,1.3,,11.3,,1,Not felt,I
1.99E+13,6.881,-76.429,38.7,4.9,mb,,,,0.9,,4.7,,42,Not felt,I
1.99E+13,6.673,-72.89,168.9,4.8,mb,,,,1.2,,7.5,,4,Not felt,I
1.99E+13,6.917,-76.466,33,4.1,mb,,,,1.4,,,,4,Not felt,I
1.99E+13,5.929,-73.524,156.9,4.4,mb,,,,0.9,,6.6,,1,Not felt,I
1.99E+13,7.323,-77.354,33,4.5,mb,,,,1.3,,,,2,Not felt,I
1.99E+13,7.017,-76.477,10,4.9,mb,,,,1.4,,,,16,Felt by a few,III
1.99E+13,4.547,-76.207,142.7,4.9,mb,,,,1.1,,6.1,,13,Not felt,I
1.99E+13,6.653,-72.893,176.6,4.5,mb,,,,0.7,,11.6,,2,Not felt,I
1.99E+13,10.142,-72.712,155.6,4,mb,,,,1,,29.8,,3,Not felt,I
1.99E+13,6.88,-73.099,159.5,4.8,mb,,,,1.2,,6,,13,Not felt,I
1.99E+13,6.766,-73.009,159.6,5.7,mw,,,,0.9,,,,,Not felt,I
1.99E+13,9.88,-72.916,33,4.6,mb,,,,1.4,,,,1,Not felt,I
1.99E+13,6.835,-73.132,160.7,4.6,mb,,,,1.1,,5.4,,4,Not felt,I
1.99E+13,6.83,-73.047,157.6,5,mb,,,,1.1,,4.7,,27,Not felt,I
1.99E+13,6.989,-73.295,158.5,5.1,mb,,,,1.6,,8.7,,1,Not felt,I
1.99E+13,6.899,-73.26,165.1,5.1,mb,,,,1.1,,7.7,,2,Not felt,I
1.99E+13,6.917,-72.136,42.7,4.8,mb,,,,1,,5.2,,43,Not felt,I
1.99E+13,6.806,-72.981,165.1,4.3,mb,,,,1.2,,5.2,,8,Not felt,I
1.99E+13,6.777,-73.03,163.2,4.5,mb,,,,0.8,,4.1,,15,Not felt,I
1.99E+13,6.373,-72.981,163.6,4.1,mb,,,,0.6,,7.9,,1,Not felt,I
1.99E+13,6.818,-73.054,160.7,4.8,mb,,,,1,,,,11,Not felt,I
1.99E+13,7.571,-72.098,33,3.9,mb,,,,0.7,,,,1,Not felt,I
1.99E+13,6.816,-73.033,169,4.6,mb,,,,0.6,,3.8,,6,Not felt,I
1.99E+13,6.901,-73.194,158.4,4.5,mb,,,,1.4,,10.1,,1,Not felt,I
1.99E+13,6.797,-76.342,30.2,5.4,mw,,,,1.1,,7.3,,,Not felt,I
1.99E+13,6.916,-76.38,33,4.9,mb,,,,1.5,,,,13,Not felt,I
1.99E+13,5.766,-78.27,33,4.8,mb,,,,1.1,,,,19,Not felt,I
1.99E+13,4.042,-76.639,33,2.2,md,,,,0.2,,,,,Not felt,I
1.99E+13,3.365,-76.441,33,2.6,md,,,,0.3,,,,,Not felt,I
1.99E+13,3.27,-76.414,33,3.3,md,,,,0.4,,,,,Not felt,I
1.99E+13,4.114,-76.623,33,3.9,md,,,,0.2,,,,,Not felt,I
1.99E+13,6.86,-73.014,156.6,4.8,mb,,,,1.1,,7.3,,10,Not felt,I
1.99E+13,3.869,-75.683,33,3.2,md,,,,1.4,,,,,Not felt,I
1.99E+13,3.307,-76.917,33,2.5,md,,,,0.4,,,,,Not felt,I
1.99E+13,2.983,-75.671,10,3.5,md,,,,0.2,,,,,Not felt,II
1.99E+13,4.096,-76.248,33,3,md,,,,0.4,,,,,Not felt,I
1.99E+13,3.691,-76.841,33,2.5,md,,,,0,,,,,Not felt,I
1.99E+13,6.986,-73.216,190.9,4.1,mb,,,,1.5,,17.2,,1,Not felt,I
1.99E+13,6.866,-73.029,155.9,4.3,mb,,,,0.9,,6.8,,6,Not felt,I
1.99E+13,7.303,-72.046,33,4.5,mb,,,,1.2,,,,4,Not felt,I
1.99E+13,6.881,-73.117,158.1,4.3,mb,,,,0.7,,7.9,,1,Not felt,I
1.99E+13,9.852,-71.379,29.3,5.2,mw,,,,0.8,,5.1,,,Not felt,I
1.99E+13,6.807,-73.087,155.3,4.9,mb,,,,1,,5.5,,22,Not felt,I
1.99E+13,7.132,-72.091,33,4.1,mb,,,,1.1,,,,1,Not felt,I
1.99E+13,8.991,-77.896,68.4,4.8,mb,,,,0.8,,11.4,,23,Not felt,I
1.99E+13,7.047,-73.198,175,4.2,mb,,,,0.6,,7.9,,2,Not felt,I
1.99E+13,7.882,-72.07,39.8,5.4,mb,,,,0.8,,3.4,,65,Not felt,I
1.99E+13,6.837,-73.004,163.6,4.4,mb,,,,0.8,,14.2,,5,Not felt,I
1.99E+13,6.602,-73.416,188.9,4.4,mb,,,,1.5,,12,,2,Not felt,I
1.99E+13,6.809,-73.036,150.6,4.9,mb,,,,1.1,,7.5,,22,Not felt,I
1.99E+13,6.954,-72.998,150.3,4.6,mb,,,,1,,15.5,,4,Not felt,I
1.99E+13,9.604,-74.27,34.1,4.7,mb,,,,1.2,,17.6,,12,Not felt,I
1.99E+13,6.8,-73.019,162,5.3,mw,,,,0.9,,,,,Not felt,I
1.99E+13,6.833,-73.009,163.4,4.7,mb,,,,1.1,,8.4,,6,Not felt,I
1.99E+13,7.296,-77.164,33,4.2,mb,,,,0.7,,,,1,Not felt,I
1.99E+13,6.662,-73.259,189.1,5,mb,,,,1.3,,6.2,,10,Not felt,I
1.99E+13,4.295,-76.61,113.8,4.6,mb,,,,1.3,,11.7,,4,Not felt,I
1.99E+13,2.94,-73.635,32.9,5,mb,,,,0.9,,5.1,,11,Not felt,I
1.99E+13,0.934,-78.936,57.1,4.6,mb,,,,1.2,,11.4,,3,Not felt,I
1.99E+13,8.486,-72.637,197.5,4.4,mb,,,,1.1,,24,,14,Not felt,I
1.99E+13,6.921,-72.598,194.3,4.4,mb,,,,0.5,,18.9,,1,Not felt,I
1.99E+13,5.792,-77.504,10,5.6,mw,,,,1,,,,,Felt by a few,III
1.99E+13,6.952,-77.994,32.6,4.6,mb,,,,1.5,,,,3,Not felt,I
1.99E+13,0.013,-78.006,10,4.2,mb,,,,1.2,,,,3,Felt by a few,III
1.99E+13,4.707,-75.574,144.6,6.1,mw,,,,0.9,,,,,Not felt,I
1.99E+13,6.769,-72.974,159,5.3,mw,,,,0.9,,,,,Not felt,I
1.99E+13,8.104,-73.929,91.1,4.5,mb,,,,1.6,,13.4,,1,Not felt,I
1.99E+13,3.915,-76.056,33,2.6,md,,,,0.7,,,,,Not felt,I
1.99E+13,4.22,-76.845,33,2.4,md,,,,1,,,,,Not felt,I
1.99E+13,2.61,-76.857,10,3.7,md,,,,0.6,,,,,Not felt,II
1.99E+13,2.804,-75.044,33,3.4,md,,,,0.6,,,,,Not felt,I
1.99E+13,2.942,-74.803,33,4,md,,,,0.6,,,,,Not felt,I
1.99E+13,4.575,-76.31,118,3.8,md,,,,0.4,,,,,Not felt,I
1.99E+13,4.106,-76.329,33,2.2,md,,,,0.4,,,,,Not felt,I
1.99E+13,4.346,-75.795,120,4.5,md,,,,1,,,,,Not felt,I
1.99E+13,4.938,-76.811,26,3.4,md,,,,0.5,,8.3,,,Not felt,I
1.99E+13,3.546,-75.802,33,3.1,md,,,,1,,,,,Not felt,I
1.99E+13,6.859,-73.071,166.3,4.3,mb,,,,1,,6.6,,2,Not felt,I
1.99E+13,3.86,-77.021,33,2.9,md,,,,0.3,,,,,Not felt,I
1.99E+13,4.754,-76.912,33,2.8,md,,,,0.5,,,,,Not felt,I
1.99E+13,4.661,-76.099,110,2.8,md,,,,0.9,,,,,Not felt,I
1.99E+13,4.033,-76.021,55.8,2.8,md,,,,0.4,,37.7,,,Not felt,I
1.99E+13,3.077,-75.365,33,3.6,md,,,,0.8,,,,,Not felt,I
1.99E+13,3.524,-76.533,10,2.4,md,,,,0.4,,,,,Not felt,II
1.99E+13,5.094,-77.33,33,3.6,mb,,,,0.8,,,,1,Not felt,I
1.99E+13,4.951,-76.242,110,3.2,md,,,,0.6,,,,,Not felt,I
1.99E+13,6.72,-73.056,165,4.2,mb,,,,1.4,,15.1,,2,Not felt,I
1.99E+13,6.841,-72.975,163.9,4.8,mb,,,,0.8,,10.6,,5,Not felt,I
1.99E+13,13.306,-70.758,33,4.3,mb,,,,1.3,,,,3,Not felt,I
1.99E+13,9.062,-70.044,23.4,4.9,mb,,,,1.1,,4.6,,30,Not felt,II
1.99E+13,6.769,-73.026,154.8,4.6,mb,,,,1.3,,,,15,Not felt,I
1.99E+13,7.09,-72.156,33,4.2,mb,,,,1.2,,,,1,Not felt,I
1.99E+13,2.434,-76.201,10,2.8,md,,,,0.1,,,,,Not felt,II
1.99E+13,10.042,-70.024,16.6,4.8,mb,,,,1.2,,,,25,Not felt,II
1.99E+13,6.794,-76.371,33,4.5,mb,,,,1.6,,,,3,Not felt,I
1.99E+13,6.953,-73.243,153.7,4.4,mb,,,,0.8,,9.8,,3,Not felt,I
1.99E+13,3.808,-77.023,32.2,3.2,md,,,,0.5,,14.8,,,Not felt,I
1.99E+13,4.099,-76.147,33,2.7,md,,,,0.5,,,,,Not felt,I
1.99E+13,3.631,-76.502,33,2.3,md,,,,1.6,,,,,Not felt,I
1.99E+13,3.794,-76.941,33,2.6,md,,,,0.6,,,,,Not felt,I
1.99E+13,4.16,-77.105,33,3.7,md,,,,0.9,,,,,Not felt,I
1.99E+13,4.145,-76.161,33,3,md,,,,0.8,,,,,Not felt,I
1.99E+13,4.707,-76.96,33,2.7,md,,,,0.9,,,,,Not felt,I
1.99E+13,0.055,-78.423,10,4.2,md,,,,1,,,,,Felt by a few,III
1.99E+13,4.573,-76.685,33,2.8,md,,,,0.5,,,,,Not felt,I
1.99E+13,3.701,-77.048,33,2.6,md,,,,0.2,,,,,Not felt,I
1.99E+13,3.976,-76.436,110,3,md,,,,0.2,,,,,Not felt,I
1.99E+13,3.79,-77.023,31.6,4.1,md,,,,0.5,,10.9,,,Not felt,I
1.99E+13,3.722,-76.938,33,3,md,,,,0.2,,,,,Not felt,I
1.99E+13,4.299,-77.081,33,2.5,md,,,,0.8,,,,,Not felt,I
1.99E+13,4.308,-77.066,33,3,md,,,,1.5,,,,,Not felt,I
1.99E+13,3.754,-76.981,33,3,md,,,,0.4,,,,,Not felt,I
1.99E+13,2.73,-75.031,10,3.9,md,,,,0.6,,,,,Felt by a few,III
1.99E+13,4.04,-77.04,33,3.3,md,,,,0.5,,,,,Not felt,I
1.99E+13,2.608,-75.757,33,3.5,md,,,,0.2,,,,,Not felt,I
1.99E+13,4.263,-76.332,110,3.3,md,,,,0.8,,,,,Not felt,I
1.99E+13,6.39,-77.578,25.4,4.7,mb,,,,1.3,,10.9,,8,Not felt,I
1.99E+13,3.806,-76.993,33,2.6,md,,,,0.2,,,,,Not felt,I
1.99E+13,3.792,-76.001,100,3,md,,,,0.3,,,,,Not felt,I
1.99E+13,4.831,-76.412,70,3.4,md,,,,0.8,,,,,Not felt,I
1.99E+13,6.755,-72.98,157.2,4.4,mb,,,,1,,5.9,,1,Not felt,I
1.99E+13,4.982,-76.49,90,3,md,,,,0.1,,,,,Not felt,I
1.99E+13,4.53,-77.253,90,2.9,md,,,,0.2,,,,,Not felt,I
1.99E+13,1.914,-75.513,33,3,md,,,,0.7,,,,,Not felt,I
1.99E+13,4.341,-76.43,50,2.9,md,,,,0.7,,,,,Not felt,I
1.99E+13,3.855,-76.121,33,2.7,md,,,,1.4,,,,,Not felt,I
1.99E+13,4.814,-77.602,33,4.1,mb,,,,1.3,,,,3,Not felt,I
1.99E+13,4.778,-77.537,30.6,4,md,,,,0.7,,7.6,,,Not felt,I
1.99E+13,4.841,-77.591,33,3.6,mb,,,,0.5,,,,1,Not felt,I
1.99E+13,4.862,-77.599,33,3.6,mb,,,,0.6,,,,1,Not felt,I
1.99E+13,6.609,-72.772,183.9,4.5,mb,,,,0.7,,13.9,,1,Not felt,I
1.99E+13,4.81,-77.557,33,3.5,mb,,,,0.6,,,,1,Not felt,I
1.99E+13,4.793,-77.558,33,4.1,mb,,,,1,,,,1,Not felt,I
1.99E+13,6.793,-72.939,165.8,4.6,mb,,,,0.9,,4.8,,7,Not felt,I
1.99E+13,6.769,-72.956,166.2,4.5,mb,,,,0.8,,4.4,,5,Not felt,I
1.99E+13,6.665,-72.875,173.7,3.8,mb,,,,1,,10,,2,Not felt,I
1.99E+13,7.031,-78.322,33,5,mw,,,,1.1,,,,,Not felt,I
1.99E+13,7.374,-71.758,37.1,4.9,mb,,,,1,,7.6,,17,Not felt,I
1.99E+13,6.755,-72.942,168.7,4.3,mb,,,,0.9,,8.8,,6,Not felt,I
1.99E+13,6.998,-73.033,160.2,3.9,mb,,,,1.5,,14.4,,1,Not felt,I
1.99E+13,6.984,-72.757,148.9,4.1,mb,,,,1.1,,10.3,,2,Not felt,I
1.99E+13,6.768,-72.924,159.1,3.7,mb,,,,1.4,,8.7,,3,Not felt,I
1.99E+13,6.846,-73.023,171.4,4.5,mb,,,,1.4,,9.9,,1,Not felt,I
1.99E+13,4.603,-75.634,152.8,4.7,mb,,,,1.2,,,,28,Not felt,I
1.99E+13,7.05,-76.353,132.7,4.3,mb,,,,1.5,,31.7,,2,Not felt,I
1.99E+13,11.241,-74.052,33,4,mb,,,,0.8,,,,2,Not felt,I
1.99E+13,6.753,-72.961,163.7,4.4,mb,,,,1.3,,6.9,,2,Not felt,I
1.99E+13,6.814,-72.959,165.7,4.5,mb,,,,0.8,,4.4,,10,Not felt,I
1.99E+13,6.998,-73.077,147.9,4.4,mb,,,,1.4,,10.7,,2,Not felt,I
1.99E+13,6.856,-76.685,10,5.1,mb,,,,1.2,,,,24,Felt by a few,III
1.99E+13,7.066,-76.679,16.1,4.1,mb,,,,1.3,,,,3,Felt by a few,II
1.99E+13,7.346,-76.46,10,4.5,mb,,,,1.3,,,,5,Felt by a few,III
1.99E+13,6.942,-76.65,10,4.8,mb,,,,1,,,,31,Felt by a few,III
1.99E+13,7.48,-76.511,10,4.5,mb,,,,1.2,,,,7,Felt by a few,III
1.99E+13,6.959,-76.742,10,4.6,mb,,,,1,,,,21,Felt by a few,III
1.99E+13,7.448,-76.559,10,5,mb,,,,1.1,,,,23,Felt by a few,III
1.99E+13,7.055,-76.643,10,4.7,mb,,,,1.2,,,,4,Felt by a few,III
1.99E+13,6.757,-72.857,176.4,4,mb,,,,0.7,,9.2,,2,Not felt,I
1.99E+13,6.749,-72.92,181.6,4.5,mb,,,,1.2,,9.7,,1,Not felt,I
1.99E+13,6.716,-72.901,174.6,4,mb,,,,1,,8,,1,Not felt,I
1.99E+13,6.987,-76.595,10,5.2,mb,,,,1,,,,47,Felt by a few,III
1.99E+13,7.59,-76.505,10,4.6,mb,,,,0.9,,,,1,Felt by a few,III
1.99E+13,7.293,-76.546,33,4.2,mb,,,,1.5,,,,1,Not felt,I
1.99E+13,6.877,-73.168,152.1,3.6,mb,,,,1.6,,14.6,,2,Not felt,I
1.99E+13,7.461,-76.467,51.1,3.7,mb,,,,0.5,,27.9,,1,Not felt,I
1.99E+13,7.207,-76.255,88,3.9,mb,,,,1.5,,22.2,,1,Not felt,I
1.99E+13,7.216,-76.709,68.1,4.4,mb,,,,1.2,,11.6,,2,Not felt,I
1.99E+13,6.774,-72.903,181.5,4.5,mb,,,,0.8,,,,21,Not felt,I
1.99E+13,6.245,-77.597,16,4.1,mb,,,,1.5,,12.1,,4,Not felt,II
1.99E+13,6.618,-72.74,197.9,4.1,mb,,,,0.2,,15.2,,1,Not felt,I
1.99E+13,6.444,-76.657,33,3.8,mb,,,,1.2,,,,1,Not felt,I
1.99E+13,7.353,-77.039,37.5,4,mb,,,,1.2,,13.4,,2,Not felt,I
1.99E+13,7.173,-77.152,26.9,4.6,mb,,,,0.9,,6.8,,20,Not felt,I
1.99E+13,8.258,-75.239,27,4.5,mb,,,,1.1,,,,13,Not felt,I
1.99E+13,6.846,-73.095,161.7,4.4,mb,,,,1.3,,8.3,,1,Not felt,I
1.99E+13,6.775,-72.685,189.2,4,mb,,,,1,,39.7,,2,Not felt,I
1.99E+13,6.763,-72.969,162,4.9,mb,,,,0.9,,3.6,,20,Not felt,I
1.99E+13,6.782,-73.05,168.1,3.8,mb,,,,1.5,,9.5,,2,Not felt,I
1.99E+13,5.461,-77.514,11.7,5.5,mb,,,,0.9,,3.8,,83,Felt by a few,III
1.99E+13,6.667,-72.849,170.3,4.1,mb,,,,1.3,,8.6,,3,Not felt,I
1.99E+13,9.155,-70.33,25.2,4.9,mb,,,,0.9,,2.6,,54,Not felt,II
1.99E+13,6.787,-72.955,174.4,4.6,mb,,,,1,,30.4,,2,Not felt,I
1.99E+13,6.703,-72.825,188.1,4.2,mb,,,,1,,18.5,,1,Not felt,I
1.99E+13,6.47,-71.078,33,4.6,mb,,,,1.3,,,,17,Not felt,I
1.99E+13,9.442,-70.207,10,3.6,mb,,,,0.9,,,,1,Not felt,II
1.99E+13,6.908,-73.123,173.6,4.5,mb,,,,1,,7.5,,4,Not felt,I
1.99E+13,6.897,-73.096,168.5,4.5,mb,,,,1.3,,7.8,,3,Not felt,I
1.99E+13,4.196,-76.638,102.6,5.2,mw,,,,0.9,,,,,Not felt,I
1.99E+13,7.065,-72.712,203.2,4,mb,,,,0.4,,24.4,,1,Not felt,I
1.99E+13,8.433,-77.836,33,4,mb,,,,1.2,,,,2,Not felt,I
1.99E+13,2.831,-73.994,103.1,3.9,mb,,,,0.8,,14.1,,2,Not felt,I
1.99E+13,7.667,-73.642,33,4.9,mb,,,,1.1,,,,8,Not felt,I
1.99E+13,7.474,-77.294,59.4,4.1,mb,,,,1.3,,17.2,,1,Not felt,I
1.99E+13,6.806,-73.058,156.8,4.7,mb,,,,1,,5.3,,22,Not felt,I
1.99E+13,6.802,-73.033,157.9,4.8,mb,,,,1,,3.6,,28,Not felt,I
1.99E+13,10.037,-70.031,10,4.6,mb,,,,0.7,,,,2,Felt by a few,III
1.99E+13,0.45,-78.701,18.8,5.3,mb,,,,1.1,,,,82,Felt by a few,II
1.99E+13,6.787,-72.402,33,4.5,mb,,,,0.9,,,,5,Not felt,I
1.99E+13,7.33,-71.994,38.8,5.4,mw,,,,0.7,,3.8,,,Not felt,I
1.99E+13,7.535,-71.84,33,5,ms,,,,1,,,,1,Not felt,I
1.99E+13,2.627,-75.939,33,3.9,mb,,,,0.6,,,,1,Not felt,I
1.99E+13,7.061,-76.738,33,4,mb,,,,1.1,,,,2,Not felt,I
1.99E+13,6.547,-73.241,210.8,4.6,mb,,,,1.1,,7.9,,23,Not felt,I
1.99E+13,7.242,-76.715,33,4.7,mb,,,,1.7,,,,3,Not felt,I
1.99E+13,6.823,-72.92,160.1,4.3,mb,,,,1.1,,6.6,,3,Not felt,I
1.99E+13,7.261,-76.716,33,4,mb,,,,1.2,,,,1,Not felt,I
1.99E+13,6.901,-72.969,167.1,4,mb,,,,0.7,,8.6,,4,Not felt,I
2.00E+13,1.146,-78.873,33,4.4,mb,,,,1.2,,,,4,Not felt,I
2.00E+13,4.999,-73.077,33,4.9,mb,,,,0.9,,,,31,Not felt,I
2.00E+13,5.093,-72.965,21.3,5.7,mw,,,,0.8,,,,,Not felt,II
2.00E+13,4.994,-72.848,60.1,4.1,mb,,,,1,,17,,1,Not felt,I
2.00E+13,5.181,-72.949,54,4.3,mb,,,,1.2,,13.8,,1,Not felt,I
2.00E+13,10.119,-70.048,11.2,4.5,mb,,,,1.4,,5.1,,8,Felt by a few,III
2.00E+13,6.84,-72.944,167,4.3,mb,,,,0.9,,4.7,,24,Not felt,I
2.00E+13,4.104,-76.622,73.5,6.4,mwb,,,,0.9,,,,,Not felt,I
2.00E+13,7.951,-76.617,33,3.9,mb,,,,0.5,,,,1,Not felt,I
2.00E+13,7.093,-72.986,166.4,4.2,mb,,,,0.9,,6.9,,23,Not felt,I
2.00E+13,6.142,-72.717,198.8,3.9,mb,,,,1.2,,20.3,,2,Not felt,I
2.00E+13,7.656,-76.61,33,4.5,mb,,,,0.9,,,,5,Not felt,I
2.00E+13,7.077,-76.743,36,4.8,mb,,,,0.9,,6.5,,21,Not felt,I
2.00E+13,6.775,-72.953,162,4.6,mb,,,,1,,5.3,,34,Not felt,I
2.00E+13,5.241,-72.409,33,4.6,mb,,,,0.7,,,,24,Not felt,I
2.00E+13,10.107,-70.062,10,4.3,mb,,,,1.2,,,,16,Felt by a few,III
2.00E+13,5.553,-73.783,142.4,5.3,mw,,,,1,,,,,Not felt,I
2.00E+13,7.789,-75.548,33,4.7,mb,,,,1,,,,55,Not felt,I
2.00E+13,3.466,-77.384,33,4.4,mb,,,,1.3,,,,3,Not felt,I
2.00E+13,6.71,-73.02,172.3,4.6,mb,,,,1,,5.6,,25,Not felt,I
2.00E+13,6.853,-72.984,167.8,3.8,mb,,,,1.1,,6.6,,5,Not felt,I
2.00E+13,5.521,-71.872,63.6,4.2,mb,,,,0.8,,16.1,,1,Not felt,I
2.00E+13,6.849,-73.14,150,4.2,mb,,,,1.2,,,,5,Not felt,I
2.00E+13,6.963,-71.829,33,5.1,mb,,,,0.8,,,,92,Not felt,I
2.00E+13,6.71,-72.927,177,4.1,mb,,,,1.2,,6.8,,9,Not felt,I
2.00E+13,6.794,-73.022,167.5,4.3,mb,,,,0.9,,5.6,,13,Not felt,I
2.00E+13,4.109,-73.374,33,3.7,mb,,,,0.7,,,,5,Not felt,I
2.00E+13,9.864,-70.145,33,3.7,mb,,,,0.9,,,,1,Not felt,I
2.00E+13,6.981,-76.463,64.4,4.3,mb,,,,1.5,,15.6,,19,Not felt,I
2.00E+13,7.084,-73.15,150,3.6,mb,,,,0.9,,,,4,Not felt,I
2.00E+13,5.33,-72.952,33,4.2,mb,,,,1.2,,,,6,Not felt,I
2.00E+13,6.808,-73.139,163.8,4.3,mb,,,,0.9,,,,13,Not felt,I
2.00E+13,6.846,-73.058,182.1,4,mb,,,,0.9,,11.1,,18,Not felt,I
2.00E+13,7.227,-76.947,27.7,5.3,mwc,,,,0.9,,,,,Not felt,II
2.00E+13,7.063,-74.579,59.2,4.9,mb,,,,0.9,,,,63,Not felt,I
2.00E+13,7.075,-72.92,100,3.6,mb,,,,1.2,,,,4,Not felt,I
2.00E+13,8.984,-77.389,33,4.5,mb,,,,1,,,,13,Not felt,I
2.00E+13,7.171,-75.258,76,4.4,mb,,,,1.1,,12,,9,Not felt,I
2.00E+13,7.326,-75.56,33,4,mb,,,,0.96,,,,4,Not felt,I
2.00E+13,4.255,-76.577,109.4,5.3,mwc,,,,0.89,,,,,Not felt,I
2.00E+13,6.979,-77.993,10,4.6,mb,,,,1.2,,,,7,Felt by a few,III
2.00E+13,8.215,-77.622,33,4.7,mb,,,,0.84,,,,43,Not felt,I
2.00E+13,6.746,-72.929,169.9,3.9,mb,,,,0.8,,13.2,,3,Not felt,I
2.00E+13,7.132,-72.655,125.6,3.9,mb,,,,1.06,,11.1,,1,Not felt,I
2.00E+13,7.322,-77.463,10,4.4,mb,,,,1.25,,,,3,Felt by a few,III
2.00E+13,7.083,-73.238,150,4.1,mb,,,,0.96,,,,2,Not felt,I
2.00E+13,6.96,-76.781,33,4.4,mb,,,,0.99,,,,5,Not felt,I
2.00E+13,7.575,-72.958,150,3.9,mb,,,,0.88,,,,1,Not felt,I
2.00E+13,7.746,-76.138,33,3.7,mb,,,,0.7,,,,1,Not felt,I
2.00E+13,6.757,-72.962,159.5,4.7,mb,,,,0.82,,,,55,Not felt,I
2.00E+13,7.579,-72.674,150,4.1,mb,,,,0.8,,,,1,Not felt,I
2.00E+13,8.277,-76.99,33,3.6,mb,,,,1.18,,,,2,Not felt,I
2.00E+13,6.73,-72.995,164.4,4.9,mb,,,,0.87,,,,75,Not felt,I
2.00E+13,6.76,-72.96,170.5,4.7,mb,,,,0.77,,5.8,,18,Not felt,I
2.00E+13,7.044,-73.189,150,3.3,mb,,,,0.77,,,,1,Not felt,I
2.00E+13,3.774,-74.027,42.4,4.9,mb,,,,1.03,,5.4,,27,Not felt,I
2.00E+13,6.976,-72.77,150,4.1,mb,,,,0.61,,,,2,Not felt,I
2.00E+13,6.663,-72.666,173,4,mb,,,,1.32,,34.2,,3,Not felt,I
2.00E+13,7.871,-77.505,33,4,mb,,,,0.88,,,,1,Not felt,I
2.00E+13,9.243,-78.473,67,3.2,md,,,,,,,,,Not felt,I
2.00E+13,6.662,-78.112,11.4,4,md,,,,,,,,,Not felt,II
2.00E+13,7.469,-74.73,33,3.7,mb,,,,0.22,,,,1,Not felt,I
2.00E+13,6.28,-73.856,33,3.8,mb,,,,1.14,,,,2,Not felt,I
2.00E+13,6.773,-73.02,171.1,3.4,mb,,,,1.41,,20.8,,1,Not felt,I
2.00E+13,7.605,-78.845,23.5,3.4,md,,,,,,,,,Not felt,I
2.00E+13,6.154,-73.94,33,5.1,mb,,,,0.95,,,,51,Not felt,I
2.00E+13,7.475,-72.045,33,4.2,mb,,,,0.9,,,,2,Not felt,I
2.00E+13,6.994,-73.141,152.1,4.3,mb,,,,1.33,,8.5,,1,Not felt,I
2.00E+13,7.175,-73.141,136.5,3.7,mb,,,,1.58,,18.7,,1,Not felt,I
2.00E+13,6.467,-73.628,33,4.3,mb,,,,0.95,,,,5,Not felt,I
2.00E+13,6.714,-72.932,175,4.5,mb,,,,0.94,,,,43,Not felt,I
2.00E+13,6.806,-72.948,161.8,4.4,mb,,,,0.81,,8.8,,9,Not felt,I
2.00E+13,7.025,-73.53,150,4.1,mb,,,,1.45,,,,2,Not felt,I
2.00E+13,7.16,-78.439,18.7,3.9,md,,,,,,,,,Not felt,II
2.00E+13,7.128,-78.541,24.1,3.7,md,,,,,,,,,Not felt,I
2.00E+13,2.722,-76.81,142.4,4.5,mb,,,,0.76,,,,37,Not felt,I
2.00E+13,10.37,-76.562,9.9,3.9,md,,,,,,,,,Felt by a few,III
2.00E+13,8.175,-77.644,1.9,4.3,md,,,,,,,,,Total Destruction,XII
2.00E+13,7.061,-78.243,10,4.1,md,,,,,,,,,Felt by a few,III
2.00E+13,6.756,-77.452,10,4.2,mb,,,,1.23,,,,6,Felt by a few,III
2.00E+13,8.616,-74.455,33,4.1,mb,,,,1.01,,,,2,Not felt,I
2.00E+13,6.804,-73.028,164.3,4,mb,,,,0.92,,,,6,Not felt,I
2.00E+13,6.742,-73.068,168.8,4.6,mb,,,,1.08,,,,8,Not felt,I
2.00E+13,6.982,-78.578,24.2,3.4,md,,,,,,,,,Not felt,I
2.00E+13,6.803,-72.984,170.2,4.5,mb,,,,1.06,,,,20,Not felt,I
2.00E+13,7.274,-72.463,154.8,4,mb,,,,0.96,,21.7,,4,Not felt,I
2.00E+13,4.443,-75.699,8,2.1,ml,,,,,,,,,Not felt,II
2.00E+13,4.425,-75.706,2,2.9,ml,,,,,,,,,Severe damage,VIII
2.00E+13,4.477,-75.692,10,3.4,ml,,,,,,,,,Severe damage,II
2.00E+13,4.155,-73.837,10,3.7,ml,,,,0.65,,,,,Severe damage,II
2.00E+13,6.753,-73.055,160.5,4.4,mb,,,,0.87,,,,18,Not felt,I
2.00E+13,4.51,-75.681,3,2,ml,,,,,,,,,Not felt,IV
2.00E+13,4.457,-75.729,4,2.6,ml,,,,,,,,,Not felt,IV
2.00E+13,4.517,-75.69,6,2.6,ml,,,,,,,,,Felt by a few,III
2.00E+13,7.071,-72.828,200,3.9,mb,,,,1.1,,,,6,Not felt,I
2.00E+13,4.442,-75.666,8,4.4,ml,,,,,,,,,Felt by a few,III
2.00E+13,4.502,-75.658,4,2.8,ml,,,,,,,,,Felt by a few,IV
2.00E+13,4.611,-75.678,10,2.6,ml,,,,0.49,,,,,Felt by a few,II
2.00E+13,6.803,-72.961,165.7,3.9,mb,,,,0.85,,16.8,,4,Not felt,I
2.00E+13,6.848,-73.052,161.6,4.3,mb,,,,1.15,,,,13,Not felt,I
2.00E+13,4.775,-76.415,123.2,4.1,mb,,,,1.03,,17.4,,8,Not felt,I
2.00E+13,6.945,-72.984,150,3.8,mb,,,,0.86,,,,5,Not felt,I
2.00E+13,4.521,-75.665,4,2.4,ml,,,,,,,,,Not felt,IV
2.00E+13,6.344,-73.433,33,3.6,ml,,,,0.52,,,,,Not felt,I
2.00E+13,4.826,-74.618,13,3.4,ml,,,,,,,,,Not felt,II
2.00E+13,6.742,-72.997,169.1,4.4,mb,,,,0.93,,4.2,,18,Not felt,I
2.00E+13,2.036,-75.794,12,4.3,ml,,,,,,,,,Not felt,II
2.00E+13,6.686,-72.966,180.3,4,mb,,,,1.05,,7.1,,8,Not felt,I
2.00E+13,6.56,-72.839,200,4.1,mb,,,,1.25,,,,3,Not felt,I
2.00E+13,6.805,-72.972,162.7,4.5,mb,,,,0.94,,5.4,,7,Not felt,I
2.00E+13,4.94,-73.49,30,4.4,ml,,,,,,,,,Not felt,I
2.00E+13,6.74,-73.18,160,4.6,mb,,,,,,,,10,Not felt,I
2.00E+13,3.56,-75.805,200,4.2,mb,,,,0.84,,5.1,,20,Not felt,I
2.00E+13,6.806,-72.909,160.9,4,mb,,,,0.92,,,,11,Not felt,I
2.00E+13,2.808,-72.993,33,4.1,ml,,,,0.58,,,,,Not felt,I
2.00E+13,6.776,-73.022,167.1,4.4,mb,,,,0.86,,4.3,,15,Not felt,I
2.00E+13,6.552,-73.024,197.5,4.1,mb,,,,0.9,,6.9,,11,Not felt,I
2.00E+13,3.882,-74.819,33,3.1,ml,,,,0.94,,,,,Not felt,I
2.00E+13,8.769,-78.291,37.5,3.6,md,,,,,,,,,Not felt,I
2.00E+13,6.539,-72.225,121.5,3.8,mb,,,,1.21,,12.3,,4,Not felt,I
2.00E+13,4.856,-77.213,33,4.2,mb,,,,0.63,,,,3,Not felt,I
2.00E+13,6.827,-72.981,171.3,3.6,mb,,,,0.62,,15.6,,1,Not felt,I
2.00E+13,5.484,-77.631,33,4.5,mb,,,,0.91,,,,13,Not felt,I
2.00E+13,6.77,-73.01,169.9,4.6,mb,,,,0.68,,,,48,Not felt,I
2.00E+13,6.776,-73.024,157,4.1,mb,,,,0.89,,,,19,Not felt,I
2.00E+13,5.263,-72.893,33,4.4,mb,,,,0.67,,,,6,Not felt,I
2.00E+13,6.77,-73.155,177.5,3.5,mb,,,,0.85,,21.3,,1,Not felt,I
2.00E+13,9.253,-72.582,33,4.3,mb,,,,0.51,,,,5,Not felt,I
2.00E+13,1.464,-77.414,142.7,5.2,mb,170,,,0.78,,,,61,Not felt,I
2.00E+13,6.17,-77.786,33,5.3,mwc,235,,,0.84,,,,,Not felt,I
2.00E+13,5.592,-73.605,158.1,4.4,mb,52,,,0.87,,7.3,,17,Not felt,I
2.00E+13,6.909,-72.988,155.4,3.8,mb,16,,,0.51,,59.7,,6,Not felt,I
2.00E+13,6.807,-73.054,174.2,4,mb,11,,,0.74,,19,,1,Not felt,I
2.00E+13,2.611,-76.072,10,3.9,ml,7,,,1.28,,,,,Felt by a few,III
2.00E+13,6.744,-72.992,164.3,4.9,mb,174,,,0.91,,,,60,Not felt,I
2.00E+13,7.027,-75.137,33,4.2,ml,7,,,0.73,,,,,Not felt,I
2.00E+13,6.79,-73.03,150,4.4,mb,34,,,,,,,10,Not felt,I
2.00E+13,5.938,-78.05,33,4.4,ml,6,,,0.55,,,,,Not felt,I
2.00E+13,6.796,-73.013,167.2,4.4,mb,21,,,0.78,,12.6,,1,Not felt,I
2.00E+13,7.042,-77.829,17,6.5,mwc,462,,,1.01,,,,,Felt by a few,III
2.00E+13,6.091,-74.066,10,4,ml,6,,,0.63,,,,,Felt by a few,III
2.00E+13,6.801,-73.036,162.7,4.8,mb,99,,,0.72,,3.7,,28,Not felt,I
2.00E+13,6.245,-72.023,33,3.9,mb,6,,,0.81,,,,1,Not felt,I
2.00E+13,5.378,-76.091,10,3.7,ml,11,,,0.89,,,,,Not felt,II
2.00E+13,6.336,-73.922,33,4,ml,7,,,1.04,,,,,Not felt,I
2.00E+13,7.255,-73.056,135.3,4.1,mb,13,,,0.72,,18.2,,3,Not felt,I
2.00E+13,6.83,-72.99,157.7,3.4,mb,14,,,,,,,1,Not felt,I
2.00E+13,3.924,-75.802,199.4,3.2,mb,14,,,1.11,,6.3,,1,Not felt,I
2.00E+13,3.458,-78.784,33,4.4,mb,21,,,0.9,,,,10,Not felt,I
2.00E+13,6.759,-73.012,163.1,4.8,mb,121,,,0.79,,3.5,,44,Not felt,I
2.00E+13,6.656,-72.006,10,3.4,ml,6,,,0.43,,,,,Not felt,II
2.00E+13,6.795,-73.008,161.2,4.4,mb,54,,,0.85,,9,,28,Not felt,I
2.00E+13,11.431,-70.324,33,5.3,mwc,202,,,0.9,,,,,Not felt,I
2.00E+13,6.82,-75.876,78.8,4.5,mb,67,,,1.02,,14.3,,40,Not felt,I
2.00E+13,6.885,-72.897,167.5,3.5,mb,15,,,0.59,,14.9,,1,Not felt,I
2.00E+13,6.815,-77.84,33,4.2,mb,21,,,0.67,,,,10,Not felt,I
2.00E+13,6.81,-73.027,171.2,4.2,mb,24,,,0.79,,,,7,Not felt,I
2.00E+13,8.33,-74.928,33,5.1,mwc,157,,,0.88,,,,,Not felt,I
2.00E+13,3.873,-75.968,178.6,5.9,mwc,471,,,0.84,,,,,Not felt,I
2.00E+13,0.372,-78.365,100,4,mb,8,,,0.91,,,,1,Not felt,I
2.00E+13,7.217,-72.643,33,4.3,mb,24,,,0.66,,,,9,Not felt,I
2.00E+13,6.402,-73.097,150,4.5,mb,10,,,0.8,,,,2,Not felt,I
2.00E+13,8.489,-74.735,33,4.2,mb,20,,,1.14,,,,2,Not felt,I
2.00E+13,6.779,-72.981,157.4,4,mb,37,,,0.79,,,,17,Not felt,I
2.00E+13,9.025,-78.955,33,5.3,mwc,120,,,0.86,,,,,Not felt,I
2.00E+13,6.772,-72.988,137,4.5,mb,74,,,0.74,,10.4,,24,Not felt,I
2.00E+13,7.259,-78.67,33,4.2,mb,13,,,1.14,,,,1,Not felt,I
2.00E+13,9.891,-78.104,52.7,4.2,mb,36,,,1.01,,,,9,Not felt,I
2.00E+13,6.826,-72.974,164.1,4.4,mb,44,,,0.64,,19.1,,16,Not felt,I
2.00E+13,6.778,-73.08,200,4.1,mb,16,,,0.7,,,,3,Not felt,I
2.00E+13,9.635,-78.955,35.2,4.3,mb,33,,,,,,,4,Not felt,I
2.00E+13,5.4,-77.765,33,4.4,mb,23,,,1.23,,,,7,Not felt,I
2.00E+13,4.894,-76.309,104.7,4.3,mb,54,,,0.92,,,,24,Not felt,I
2.00E+13,6.765,-72.991,160.7,4,mb,16,,,0.92,,,,5,Not felt,I
2.00E+13,4.666,-75.724,33,4.1,mb,11,193.3,,1.09,,,,4,Not felt,I
2.00E+13,7.088,-72.751,33,4.6,mb,47,101.5,,0.8,,,,20,Not felt,I
2.00E+13,6.811,-72.923,164.3,3.6,mb,13,138.5,,0.48,,10.5,,4,Not felt,I
2.00E+13,4.179,-75.665,207.6,0,,15,96.2,,1.09,,8.5,,,Not felt,I
2.00E+13,6.913,-72.648,150,0,,7,164.5,,0.62,,,,,Not felt,I
2.00E+13,7.226,-78.76,33,4.1,mb,25,83,,1.11,,,,11,Not felt,I
2.00E+13,3.132,-77.866,24.1,5,mwc,191,55.1,,1.01,,6.9,,,Not felt,II
2.00E+13,6.773,-73.043,171.8,4.2,mb,19,118.4,,0.83,,16.6,,5,Not felt,I
2.00E+13,6.913,-72.814,156.9,4.8,mb,12,94.9,,1.01,,22.8,,3,Not felt,I
2.00E+13,6.764,-73.019,168.2,4.2,mb,37,138,,0.71,,8.9,,19,Not felt,I
2.00E+13,7.082,-73.583,150.7,0,,9,169.6,,1.48,,17,,,Not felt,I
2.00E+13,6.771,-72.959,154.8,4.5,mb,68,124.5,,0.7,,7.2,,24,Not felt,I
2.00E+13,5.716,-77.808,46.1,0,,8,121.9,,0.68,,18.9,,,Not felt,I
2.00E+13,10.825,-72.484,42.6,4.6,mb,33,83.5,,1.03,,10.8,,12,Not felt,I
2.00E+13,6.776,-72.917,166.1,3.8,mb,15,151.2,,1.02,,,,3,Not felt,I
2.00E+13,4.601,-74.729,53.2,0,,13,160.3,,0.65,,10,,,Not felt,I
2.00E+13,6.053,-76.267,57.9,4.1,mb,13,72.9,,1.3,,,,2,Not felt,I
2.00E+13,6.882,-73.13,160.2,0,,7,142.6,,0.88,,14.3,,,Not felt,I
2.00E+13,7.063,-73.348,165.8,3.5,mb,5,113,,0.86,,13.8,,3,Not felt,I
2.00E+13,7.06,-76.381,24.4,3.7,mb,12,90.9,,0.89,,23,,4,Not felt,I
2.00E+13,6.296,-72.467,198.4,3.4,mb,8,197.3,,1.37,,14.9,,1,Not felt,I
2.00E+13,6.644,-72.834,171.4,0,,9,102.5,,0.83,,8.5,,,Not felt,I
2.00E+13,8.603,-72.116,18.2,3.7,mb,9,85.9,,0.86,,33.4,,1,Not felt,II
2.00E+13,6.702,-72.942,171.2,3.7,mb,9,170.7,,0.28,,10.8,,1,Not felt,I
2.00E+13,6.718,-72.902,159.9,4.1,mb,22,65.6,,1.01,,7.5,,3,Not felt,I
2.00E+13,7.644,-74.98,76.3,0,,14,88.7,,1.03,,10.5,,,Not felt,I
2.00E+13,6.922,-73.15,168.8,4.1,mb,13,82.3,,1.09,,8.7,,1,Not felt,I
2.00E+13,9.652,-73.402,68,4.6,mb,51,38.9,,0.84,,8.5,,17,Not felt,I
2.00E+13,7.377,-77.06,88.1,3.9,mb,12,112.4,,1,,16.1,,2,Not felt,I
2.00E+13,6.76,-72.968,167.9,3.9,mb,9,100.4,,0.44,,8.6,,2,Not felt,I
2.00E+13,6.754,-72.94,155.5,4.9,mwc,204,46.3,,0.89,,,,,Not felt,I
2.00E+13,6.75,-73.039,161.2,4,mb,9,99.5,,0.56,,24.8,,1,Not felt,I
2.00E+13,6.799,-72.955,163.4,4.6,mb,104,69.8,,0.72,,6.2,,27,Not felt,I
2.00E+13,4.687,-77.661,15,4.9,mb,11,92.5,,1.5,,,,5,Not felt,II
2.00E+13,4.765,-77.442,50,4.2,mb,7,100.5,,1.42,,0,,1,Not felt,I
2.00E+13,4.7,-77.576,31.6,4.4,mb,62,66.6,,1.05,,18.3,,23,Not felt,I
2.00E+13,4.578,-77.626,50,3.6,mb,7,94.6,,1.24,,,,1,Not felt,I
2.00E+13,7.418,-77.232,30.7,4.6,mb,15,80.8,,1.36,,,,3,Not felt,I
2.00E+13,6.773,-72.935,155.9,4.4,mb,53,62.4,,0.79,,6.9,,24,Not felt,I
2.00E+13,6.125,-71.852,39.4,4.6,mb,40,64.5,,0.91,,9.9,,15,Not felt,I
2.00E+13,6.273,-73.98,112.7,4.1,mb,14,92.7,,0.87,,8.4,,4,Not felt,I
2.00E+13,9.38,-78.82,58.1,5.5,mwb,368,36.1,,0.87,,,,,Not felt,I
2.00E+13,6.705,-72.901,172.8,0,,8,122.5,,0.19,,8.3,,,Not felt,I
2.01E+13,6.786,-73.005,170.8,4.1,mb,15,83.9,,0.75,,19.4,,3,Not felt,I
2.01E+13,6.635,-72.98,162,4.3,mb,50,92,,0.83,,7.6,,26,Not felt,I
2.01E+13,5.135,-78.002,35,4.4,mb,11,132.4,,1.05,,,,2,Not felt,I
2.01E+13,4.21,-78.283,35.9,4.8,mb,104,75.4,,0.89,,7.6,,49,Not felt,I
2.01E+13,6.726,-72.938,167,0,,8,170.2,,0.44,,9.7,,,Not felt,I
2.01E+13,7.177,-77.167,32.5,4.4,mb,35,48.2,,1.08,,,,6,Not felt,I
2.01E+13,6.861,-73.102,163,3.5,mb,11,117.6,,1.37,,,,1,Not felt,I
2.01E+13,6.73,-72.921,170.2,3.8,mb,19,86.9,,0.65,,6.6,,3,Not felt,I
2.01E+13,9.769,-78.806,64.8,4,mb,14,75.6,,0.96,,12.2,,2,Not felt,I
2.01E+13,6.609,-72.701,182,3.7,mb,9,126.8,,1.36,,10.8,,1,Not felt,I
2.01E+13,6.224,-72.972,189.2,3.9,mb,18,72,,0.92,,,,7,Not felt,I
2.01E+13,6.769,-72.927,169.8,4.2,mb,20,62.4,,0.74,,6.3,,3,Not felt,I
2.01E+13,9.152,-70.084,2.9,3.6,mw,16,68.7,,,,,,,Some damage,VII
2.01E+13,1.67,-76.221,23.3,4.6,mb,24,81.6,,0.74,,,,8,Some damage,II
2.01E+13,8.392,-74.592,76.7,4.2,mb,22,72.8,,0.99,,14.1,,5,Not felt,I
2.01E+13,5.142,-76.104,114.9,4,mb,14,78.8,,1.38,,11.2,,1,Not felt,I
2.01E+13,7.526,-78.192,19.6,4.4,mb,25,63.2,,1.27,,29.8,,9,Not felt,II
2.01E+13,6.702,-72.937,166.4,0,,7,170.9,,0.8,,13.6,,,Not felt,I
2.01E+13,6.237,-72.203,59.7,3.6,mb,11,118.6,,0.84,,11,,3,Not felt,I
2.01E+13,6.775,-72.968,166.7,4.3,mb,9,167.8,,0.41,,11.6,,1,Not felt,I
2.01E+13,6.794,-72.955,159.4,3.8,mb,25,70.5,,0.72,,,,9,Not felt,I
2.01E+13,6.752,-72.965,168.7,0,,8,168.6,,0.38,,9.8,,,Not felt,I
2.01E+13,6.774,-72.91,165.2,4.5,mb,76,46.2,,0.91,,,,40,Not felt,I
2.01E+13,6.735,-73.031,169,3.9,mb,13,96.9,,0.94,,9.1,,1,Not felt,I
2.01E+13,6.77,-72.999,172.2,3.5,mb,7,99.8,,0.59,,9.1,,1,Not felt,I
2.01E+13,5.323,-78.019,48.3,4.6,mb,27,150.5,,1.09,,13.1,,9,Not felt,I
2.01E+13,6.791,-72.978,163.5,4.3,mb,37,46.8,,0.75,,5.6,,17,Not felt,I
2.01E+13,9.889,-71.915,5.8,5,mw,37,58.4,,,,,,,Felt by most,V
2.01E+13,6.77,-76.883,55.5,4,mb,11,116.9,,0.7,,28.7,,1,Not felt,I
2.01E+13,6.414,-73.617,127.9,3.4,mb,13,116.4,,0.89,,9.8,,1,Not felt,I
2.01E+13,3.712,-73.981,14.1,4.7,mb,25,114.5,,1.43,,,,4,Not felt,II
2.01E+13,6.864,-77.793,14,6.2,mwb,552,45.5,,0.87,,,,,Felt by a few,III
2.01E+13,6.847,-77.974,10,5.5,mb,55,145.2,,0.66,,,,43,Felt by a few,III
2.01E+13,7.357,-72.95,157.5,4,mb,13,93,,0.98,,9.7,,2,Not felt,I
2.01E+13,6.753,-73.004,170,4,md,11,104.7,,0.84,,8.5,,,Not felt,I
2.01E+13,6.797,-73.008,163.6,3.7,mb,11,99.4,,0.67,,8.6,,4,Not felt,I
2.01E+13,4.928,-76.035,140.8,3.9,mb,10,116,,0.98,,10.2,,2,Not felt,I
2.01E+13,4.024,-76.512,96.9,4.3,mb,64,67.4,,0.8,,6.6,,36,Not felt,I
2.01E+13,6.99,-77.928,37.4,3.6,mb,8,190.5,,1.24,,20,,1,Not felt,I
2.01E+13,6.76,-72.988,160.6,4.4,mb,35,80.7,,0.68,,5.8,,13,Not felt,I
2.01E+13,6.804,-73.071,166.8,4,mb,12,80.1,,0.98,,8.7,,4,Not felt,I
2.01E+13,10.432,-75.427,19.9,4,mb,11,123.3,,0.88,,30.8,,3,Not felt,II
2.01E+13,5.725,-77.576,52,3.9,mb,15,58.5,,1.18,,10.7,,3,Not felt,I
2.01E+13,6.752,-77.66,46.4,4.6,mb,27,58.9,,1.31,,10.5,,14,Not felt,I
2.01E+13,6.755,-73.012,174.6,3.8,mb,14,63.6,,0.72,,7.3,,1,Not felt,I
2.01E+13,4.683,-72.961,41.8,4.5,mb,63,74.5,,1.01,,9.2,,33,Not felt,I
2.01E+13,6.808,-73.046,163.3,4.3,m,10,92,,0.71,,8.2,,,Not felt,I
2.01E+13,6.801,-73.018,170.7,4.4,mb,17,73.4,,1.15,,8.8,,2,Not felt,I
2.01E+13,6.677,-72.96,170.9,3.6,mb,9,101.5,,0.65,,8.1,,3,Not felt,I
2.01E+13,6.818,-73.067,165,3.6,mb,7,168.2,,0.35,,8.9,,2,Not felt,I
2.01E+13,7.542,-78.116,10.3,4.8,mwc,76,67.7,,1,,21.9,,,Felt by a few,III
2.01E+13,7.656,-78.013,8.3,4.6,mb,48,60.4,,1.03,,20,,20,Felt by a few,III
2.01E+13,6.752,-72.983,165.7,3.6,mb,18,70.6,,0.63,,6.1,,2,Not felt,I
2.01E+13,1.245,-77.905,42.7,4.8,mb,90,66.4,,1.4,,10,,52,Not felt,I
2.01E+13,6.708,-72.942,175.1,0,,14,138.7,,0.69,,6.6,,,Not felt,I
2.01E+13,4.185,-76.239,76.2,3,mb,8,101.7,,0.55,,11.1,,1,Not felt,I
2.01E+13,6.97,-76.903,34,4.1,mb,23,52.4,,1.07,,18.7,,9,Not felt,I
2.01E+13,6.737,-72.954,171.7,0,,7,169.4,,0.13,,9.8,,,Not felt,I
2.01E+13,6.823,-73.112,159.8,3.6,mb,10,117.9,,1,,8.7,,2,Not felt,I
2.01E+13,6.804,-73.107,159.2,0,,13,84.7,,0.89,,7.4,,,Not felt,I
2.01E+13,4.93,-72.795,59.8,4.2,mb,9,76.7,,0.53,,10.5,,2,Not felt,I
2.01E+13,6.674,-72.916,174.5,4.3,mb,9,139.7,,0.63,,15.2,,2,Not felt,I
2.01E+13,6.73,-73.051,182.6,4.1,mb,25,74.1,,1.28,,9.2,,3,Not felt,I
2.01E+13,4.602,-72.607,436.5,5.3,mwc,393,33,,0.77,,,,,Not felt,I
2.01E+13,6.723,-72.965,165.1,3.9,mb,10,86.7,,0.88,,11.3,,1,Not felt,I
2.01E+13,6.895,-72.802,150.1,4.1,mb,14,74,,0.51,,18.5,,5,Not felt,I
2.01E+13,7.046,-73.329,140.5,4.1,mb,10,135.1,,0.54,,10.1,,2,Not felt,I
2.01E+13,8.091,-75.133,62.4,4.3,mb,18,71.5,,0.97,,10.1,,3,Not felt,I
2.01E+13,6.844,-73.039,163.1,3.9,mb,13,163.7,,1.38,,11.4,,3,Not felt,I
2.01E+13,7.11,-72.885,179.3,4.1,mb,29,99.6,,0.97,,,,8,Not felt,I
2.01E+13,4.593,-78.631,35,0,,20,76.9,,1.24,,11.5,,,Not felt,I
2.01E+13,6.793,-73.033,161.6,4.1,mb,30,66.9,,0.92,,,,12,Not felt,I
2.01E+13,7.207,-72.007,36.9,4.3,mw,145,43.4,,0.82,,3.6,,,Not felt,I
2.01E+13,6.755,-72.953,167.9,0,,5,168.9,,0.15,,12.4,,,Not felt,I
2.01E+13,9.545,-70.751,4.4,4.9,mw,132,25.4,,,,,,,Not felt,VI
2.01E+13,6.765,-76.926,48.8,4,mb,24,91.7,,0.97,,10,,9,Not felt,I
2.01E+13,8.062,-71.954,47.5,4.3,mb,11,92.9,,1.18,,14.4,,1,Not felt,I
2.01E+13,6.832,-71.862,48.8,4.1,mb,25,60.6,,1.1,,8.8,,5,Not felt,I
2.01E+13,6.692,-72.914,172.6,0,,7,151.2,,0.36,,16.4,,,Not felt,I
2.01E+13,6.72,-72.959,163,4.4,mb,46,68.8,,0.74,,,,19,Not felt,I
2.01E+13,6.725,-73.04,156.1,4.4,mb,19,82.5,,1.39,,,,5,Not felt,I
2.01E+13,7.119,-72.057,61.6,3.7,md,10,88.1,,0.68,,9,,,Not felt,I
2.01E+13,7.182,-72.087,55.5,3.8,md,10,89.7,,0.81,,10.7,,,Not felt,I
2.01E+13,5.6,-77.85,4,4.6,mb,76,63.2,,,,,,31,Some damage,VII
2.01E+13,3.84,-75.64,3,4.4,mb,64,38.1,,,,,,25,Severe damage,VIII
2.01E+13,7.182,-72.126,29.5,5.2,mwc,463,29,,0.78,,,,,Not felt,I
2.01E+13,6.915,-74.448,95,4.3,mb,32,71.6,,0.9,,,,5,Not felt,I
2.01E+13,6.716,-72.949,158.7,4.3,mb,42,70.7,,0.82,,4.1,,8,Not felt,I
2.01E+13,6.681,-72.931,173.8,4.3,mb,12,151.1,,0.62,,8.7,,2,Not felt,I
2.01E+13,6.744,-72.909,168.4,4.5,mb,95,68.7,,0.63,,4.2,,24,Not felt,I
2.01E+13,6.909,-73.123,161.6,3.6,mb,6,142.3,,0.16,,21.9,,1,Not felt,I
2.01E+13,2.798,-78.156,10,0,,7,132.7,,0.95,,,,,Not felt,I
2.01E+13,5.759,-77.437,24.3,5,mwc,269,59.1,,0.84,,,,,Not felt,II
2.01E+13,6.755,-72.895,169.4,4.2,mb,19,82.8,,0.74,,6.6,,3,Not felt,I
2.01E+13,6.381,-74.012,63.1,0,,13,72,,0.98,,11.7,,,Not felt,I
2.01E+13,6.826,-73.164,159.5,0,,10,160.1,,1.17,,9.9,,,Not felt,I
2.01E+13,6.772,-72.991,167,4.3,mb,15,77.6,,0.71,,7.2,,3,Not felt,I
2.01E+13,6.799,-73.059,167,0,,11,127.7,,1.09,,8.9,,,Not felt,I
2.01E+13,6.769,-72.976,167.8,0,,13,70.6,,0.75,,7.3,,,Not felt,I
2.01E+13,6.708,-72.986,164.3,3.9,mb,7,149.3,,0.57,,18.6,,1,Not felt,I
2.01E+13,7.086,-73.135,137.8,4.1,mb,9,139,,1.37,,16,,1,Not felt,I
2.01E+13,5.058,-77.836,4.6,4.1,mb,19,71.9,,1.28,,26.2,,2,Felt by most,V
2.01E+13,6.728,-73.013,163.9,4.4,mb,15,129.7,,1.31,,10.5,,1,Not felt,I
2.01E+13,9.724,-72.649,168.5,4.7,mw,182,26.2,,,,,,,Not felt,I
2.01E+13,6.627,-73.068,157.4,3.9,mb,11,74,,0.85,,15.6,,1,Not felt,I
2.01E+13,6.781,-73.013,165.2,3.5,mb,8,152.8,,0.48,,11.4,,1,Not felt,I
2.01E+13,10.225,-74.58,17.9,0,,12,251.4,,,,,,,Not felt,I
2.01E+13,6.74,-72.929,154.9,5.4,mwc,398,47,,0.95,,2.2,,,Not felt,I
2.01E+13,10.178,-70.925,9.2,4.4,mw,21,101.1,,,,,,,Felt by a few,III
2.01E+13,6.683,-72.905,170.9,4.4,mb,60,67.1,,0.66,,4.6,,31,Not felt,I
2.01E+13,6.116,-73.732,128.9,4.4,mb,12,85.2,,0.79,,7.3,,1,Not felt,I
2.01E+13,6.724,-72.944,165,0,,10,170,,0.29,,7.4,,,Not felt,I
2.01E+13,6.796,-73.045,168.3,0,,7,119.2,,0.56,,9.9,,,Not felt,I
2.01E+13,6.767,-73.065,168.1,0,,14,74.1,,1.11,,8.3,,,Not felt,I
2.01E+13,6.698,-72.754,177.6,3.7,mb,13,128.9,,1.23,,9.3,,1,Not felt,I
2.01E+13,6.703,-73.008,171,3.8,mb,16,85.6,,0.81,,7,,1,Not felt,I
2.01E+13,6.811,-73.063,159.6,4.3,mb,43,67.5,,1.14,,7.1,,16,Not felt,I
2.01E+13,4.363,-73.88,10,3.5,mb,6,150,,1.51,,,,1,Not felt,II
2.01E+13,4.37,-73.82,0,3.6,ml,5,133.9,,,,,,,Not felt,I
2.01E+13,6.647,-72.871,173.6,0,,8,156.3,,0.55,,9.3,,,Not felt,I
2.01E+13,9.847,-75.804,41.7,3.9,mb,33,63.3,,0.7,,6.3,,15,Not felt,I
2.01E+13,8.89,-77.815,62.3,3.5,mb,26,56.1,,0.95,,6.6,,2,Not felt,I
2.01E+13,5.758,-72.5,43.8,0,,13,92.4,,0.84,,10,,,Not felt,I
2.01E+13,6.757,-73.06,154.4,4.4,mb,23,100.8,,1.36,,8.8,,8,Not felt,I
2.01E+13,2.953,-75.983,23.1,4.9,mb,170,70.4,,1.16,,11.9,,128,Not felt,II
2.01E+13,6.692,-72.947,171.5,0,,6,170.8,,0.79,,12,,,Not felt,I
2.01E+13,7.635,-71.887,10,4.8,mb,11,92.5,,1.13,,,,1,Felt by a few,III
2.01E+13,6.159,-78.138,35.1,0,,9,128.5,,0.81,,12.7,,,Not felt,I
2.01E+13,4.503,-75.312,2.7,4.5,mb,86,83.6,,1.08,,7.1,,46,Not felt,IX
2.01E+13,6.73,-72.925,162.2,4.2,mb,21,82.8,,0.47,,5.3,,4,Not felt,I
2.01E+13,6.72,-72.895,170.6,3.7,mb,35,77.6,,0.66,,5,,16,Not felt,I
2.01E+13,7.572,-73.832,80.4,0,,5,111.9,,0.92,,14.9,,,Not felt,I
2.01E+13,6.725,-72.996,167.2,0,,8,168.3,,0.54,,10,,,Not felt,I
2.01E+13,5.169,-73.603,159.9,3.4,mb,8,105,,1.26,,9.4,,1,Not felt,I
2.01E+13,6.822,-73.072,163.3,3.7,mb,11,163.2,,0.75,,8.1,,1,Not felt,I
2.01E+13,6.741,-72.96,168.3,0,,8,100.8,,0.63,,8.5,,,Not felt,I
2.01E+13,6.749,-72.914,163.2,5,mb,190,46.6,,0.76,,,,121,Not felt,I
2.01E+13,6.771,-73.086,162.1,4.2,mb,36,98.6,,0.88,,6.5,,24,Not felt,I
2.01E+13,7.305,-72.999,143.5,4.4,mb,129,43,,0.81,,,,70,Not felt,I
2.01E+13,5.765,-77.501,41,4.1,mb,29,59.3,,0.95,,8.2,,7,Not felt,I
2.01E+13,3.711,-76.517,134.4,4.6,mb,50,69.1,,0.88,,5.6,,21,Not felt,I
2.01E+13,6.703,-72.925,164.6,4.5,mb,117,46.6,,0.73,,,,53,Not felt,I
2.01E+13,6.79,-73.09,152.2,4.3,mb,13,98.3,,,,,,1,Not felt,I
2.01E+13,6.796,-72.972,164.4,4.6,mb,66,46.1,,0.75,,,,36,Not felt,I
2.01E+13,8.945,-71.005,29,4.6,mb,94,37.2,,0.78,,6,,33,Not felt,I
2.01E+13,6.669,-73.213,172.7,4.3,mb,29,74.9,,0.89,,8.1,,20,Not felt,I
2.01E+13,0.245,-78.356,5.2,4.4,mb,28,60,,,,,,6,Felt by most,V
2.01E+13,8.358,-77.128,51.3,4.7,mb,100,55,,0.84,,3.5,,53,Not felt,I
2.01E+13,6.722,-72.995,157.9,4.5,mb,28,46.5,,1.18,,7.2,,10,Not felt,I
2.01E+13,1.123,-78.847,39.4,4.4,mb,41,144.7,,1.1,,,,14,Not felt,I
2.01E+13,7.376,-73.172,140.1,4.4,mb,20,69,,1.52,,15.4,,4,Not felt,I
2.01E+13,5.229,-76.184,109.6,4.5,mb,15,76.3,,1.32,,10.5,,4,Not felt,I
2.01E+13,6.678,-72.91,167.6,4.3,mb,62,73.5,,0.71,,4.3,,31,Not felt,I
2.01E+13,4.883,-76.046,132.5,4.6,mb,149,61,,0.85,,5.4,,95,Not felt,I
2.01E+13,6.722,-72.927,163.6,4.9,mb,361,33.7,,0.79,,,,243,Not felt,I
2.01E+13,6.725,-72.908,164.2,4.7,mb,230,33.8,,0.72,,,,140,Not felt,I
2.01E+13,4.79,-75.767,79.5,5,mb,249,61.2,,0.95,,4.4,,168,Not felt,I
2.01E+13,6.739,-72.935,161.4,4.3,mb,57,101.1,,0.91,,5.7,,40,Not felt,I
2.01E+13,6.905,-76.722,49.4,4.3,mb,24,122.1,,0.94,,9.8,,15,Not felt,I
2.01E+13,5.617,-77.471,10,5.7,mwb,388,48,,1,,,,,Not felt,IV
2.01E+13,0.172,-77.326,24.3,4.5,mb,67,47.4,,1.28,,3.8,,36,Not felt,I
2.01E+13,6.803,-73.162,144.8,4.2,mb,35,75.5,,0.7,,5,,25,Not felt,I
2.01E+13,1.734,-77.294,95.7,4.7,mb,99,73.9,,0.77,,4.8,,83,Not felt,I
2.01E+13,5.519,-77.505,37.3,5,mb,243,59.6,,0.81,,4.1,,190,Not felt,I
2.01E+13,7.538,-78.183,25.6,4.5,mb,64,49.2,,1.06,,11.9,,22,Not felt,I
2.01E+13,6.778,-73.135,143.2,4.8,mb,248,29.7,,,,,,150,Not felt,I
2.01E+13,6.719,-73.109,159.6,4.2,mb,101,98.9,,0.86,,4.8,,82,Not felt,I
2.01E+13,6.993,-76.638,51.9,4.3,mb,36,60.3,,1.34,,8.9,,15,Not felt,I
2.01E+13,10.942,-74.158,23.6,4.4,mb,97,30,,1.09,,11.5,,52,Not felt,I
2.01E+13,6.728,-72.896,160.6,4.5,mb,118,49,,0.64,,4.2,,85,Not felt,I
2.01E+13,11.27,-70.02,5,4.3,mb,37,58,,,,,,4,Felt by most,V
2.01E+13,2.167,-76.04,53.6,4.3,mb,22,80.9,,0.99,,8.5,,4,Not felt,I
2.01E+13,6.786,-72.975,165.6,4.3,mb,66,48.8,,0.53,,3.8,,39,Not felt,I
2.01E+13,4.101,-76.274,145.4,4.6,mb,105,66.4,,0.86,,,,60,Not felt,I
2.01E+13,4.809,-78.54,10,4.5,mb,23,69,,1.14,,,,3,Felt by a few,III
2.01E+13,6.744,-72.958,156.6,4.6,mb,204,66.9,,0.72,,4,,168,Not felt,I
2.01E+13,5.804,-77.794,6,4.5,mb,26,59.8,,,,,,13,Not felt,IV
2.01E+13,6.793,-73.076,164.9,4.6,mb,116,40,,0.81,,6.3,,297,Not felt,I
2.01E+13,7.304,-77.404,28,4.7,mb,6,,,1.35,,3.4,0.035,,Not felt,I
2.01E+13,6.7285,-72.9947,156.39,4.3,mb,,47,2.285,0.88,,8.9,0.067,,Not felt,I
2.01E+13,5.6991,-78.4518,25.06,4.5,mb,,63,3.708,1.2,,5.4,0.272,,Not felt,I
2.01E+13,6.8043,-73.0205,155.57,4.3,mb,,71,2.332,0.7,,12.3,0.072,,Not felt,I
2.01E+13,6.7546,-72.9503,167.96,4.2,mb,,81,2.332,0.67,,2.7,0.2,,Not felt,I
2.01E+13,6.7786,-72.9204,170.29,4.3,mb,,68,2.369,1.19,,6.9,0.16,,Not felt,I
2.01E+13,6.7139,-72.9523,160.83,4.8,mb,,40,2.298,0.7,,4.8,0.028,,Not felt,I
2.01E+13,4.557,-76.644,53.91,5.5,mwb,,21,2.332,0.65,,3.8,0.059,28,Not felt,I
2.01E+13,6.731,-72.968,164.02,4.5,mb,,81,0.805,0.56,,3,0.102,29,Not felt,I
2.01E+13,6.836,-73.135,146.8,4.6,mb,,,,0.9,,5.2,0.164,12,Not felt,I
2.01E+13,6.803,-73.135,154,4.1,mwr,,,,1.17,,4.4,,,Not felt,I
2.01E+13,6.6913,-72.9584,159.12,5.2,mwb,,23,2.281,0.94,,3.2,0.08,15,Not felt,I
2.01E+13,10.6483,-72.6092,22.97,4.5,mb,,28,2.619,1.18,,1.6,0.089,44,Not felt,II
2.01E+13,6.7552,-72.959,157.73,4.2,mb,,121,0.83,0.81,,5.5,0.118,23,Not felt,I
2.01E+13,8.2733,-74.452,76.71,4.5,mb,,36,2.299,0.94,,6.1,0.089,41,Not felt,I
2.01E+13,6.812,-73.129,154,4.5,mwr,,,,0.59,,5.6,,,Not felt,I
2.01E+13,5.8455,-77.7416,28.2,4.6,mb,,64,2.215,0.78,,5.8,0.244,5,Not felt,I
2.01E+13,6.446,-73.2561,149.11,4.3,mb,,52,0.545,0.97,,6.2,0.237,5,Not felt,I
2.01E+13,3.8591,-71.4052,16.41,4.6,mb,,53,2.643,1.03,,3.5,0.071,59,Not felt,II
2.01E+13,6.8199,-72.9705,156.62,4.3,mb,,48,0.893,0.77,,4.4,0.082,50,Not felt,I
2.01E+13,3.9972,-71.3981,14.7,4.5,mb,,75,2.543,0.83,,5,0.115,24,Not felt,II
2.01E+13,7.7442,-73.226,52.17,4.4,mb,,48,1.811,1.17,,11.6,0.203,7,Not felt,I
2.01E+13,6.873,-73.0569,158.15,4.4,mb,,47,0.939,0.72,,5.6,0.036,234,Not felt,I
2.01E+13,4.0272,-78.9273,10,4.1,mb,,161,2.186,1.09,,1.9,0.198,12,Felt by a few,III
2.01E+13,6.8441,-73.077,158.84,4.3,mb,,113,0.91,1.05,,5.9,0.376,2,Not felt,I
2.01E+13,0.0125,-78.4281,10,4.2,mb,,164,0.224,1.21,,1.9,0.186,9,Felt by a few,III
2.01E+13,10.4751,-72.5035,10,4.5,mb,,50,2.428,1.43,4.9,1.9,0.157,14,Felt by a few,III
2.01E+13,6.8371,-72.923,175.01,4.1,mb,,66,3.045,0.85,12.3,8.1,0.197,8,Not felt,I
2.01E+13,6.7732,-73.002,169.33,4.3,mb,,80,2.322,0.73,10,8.7,0.079,49,Not felt,I
2.01E+13,5.4118,-77.6988,44.29,4.5,mb,,60,3.411,1.14,8.5,7,0.071,78,Not felt,I
2.01E+13,12.8915,-70.2308,32.9,4.4,mb,,77,0.439,1.4,6.7,6.1,0.155,13,Not felt,I
2.01E+13,0.6623,-77.8895,10,5.6,mwb,,27,0.702,0.95,5.5,1.7,0.054,33,Felt by a few,III
2.01E+13,6.7588,-72.949,165.91,5.1,mwr,,33,2.34,1.11,7,4.6,,,Not felt,I
2.01E+13,4.2444,-71.446,15.54,4.3,mb,,104,2.927,1.12,5.7,5.4,0.177,10,Not felt,II
2.01E+13,6.6982,-72.9049,167.62,4.3,mb,,151,2.318,0.29,9.9,11.1,0.129,19,Not felt,I
2.01E+13,6.7649,-72.9786,160.03,4.1,mb,,94,2.328,1.15,11,5.1,0.37,2,Not felt,I
2.02E+13,8.3,-72.15,5,4.3,mwr,,,,1.2,7.3,4.4,,,Felt by most,V
2.02E+13,5.143,-78.1049,32.29,4.2,mb,,65,3.781,0.85,7.6,3.3,0.176,10,Not felt,I
2.02E+13,6.7625,-73.0108,166.02,4.3,mwr,,46,2.308,0.76,8.3,6,,,Not felt,I
2.02E+13,4.67,-76.18,95,5.1,mb,,,,0.94,6.9,4.4,0.035,279,Not felt,I
2.02E+13,8.23,-72.13,5,4.1,mwr,,,,0.58,6.6,4.4,,,Felt by most,V
2.02E+13,6.7569,-72.9547,165.22,4.4,mb,,81,2.335,0.59,8,9,0.178,9,Not felt,I
2.02E+13,6.8316,-73.0317,160.71,4.3,mb,,55,2.353,1.43,8.5,7.7,0.129,17,Not felt,I
2.02E+13,6.7731,-73.0066,153.92,4.6,mb,,36,0.877,0.86,6.1,5.1,0.031,316,Not felt,I
2.02E+13,7.9387,-77.9328,9.83,4.4,mb,,94,2.244,0.7,6.1,5.4,0.064,69,Felt by a few,III
2.02E+13,2.7567,-78.8985,10,4.9,mb,,54,0.931,0.82,6.6,1.8,0.037,235,Felt by a few,III
2.02E+13,6.8911,-73.1014,147.8,4.2,mb,,58,0.991,0.56,7.8,8.1,0.067,61,Not felt,I
2.02E+13,4.4812,-75.666,42.37,4.3,mb,,105,1.388,1.37,7.2,9.2,0.119,20,Not felt,I
2.02E+13,6.8097,-73.0025,154.29,4.1,mb,,28,0.914,0.68,6.5,3.9,0.077,46,Not felt,I
2.02E+13,6.5415,-73.4908,136.56,4.4,mb,,68,0.761,0.7,5.5,5.7,0.044,146,Not felt,I
2.02E+13,7.5362,-77.476,10,5.2,mb,,24,1.112,1.33,5.6,1.8,0.03,352,Felt by a few,III
2.02E+13,6.9812,-73.175,148.57,4,mb,,56,1.258,0.87,7.7,7.3,0.15,12,Not felt,I
2.02E+13,8.4665,-71.3919,3.58,4.3,mwr,,173,0.856,0.57,4,9.2,,,Some damage,VII
2.02E+13,8.5309,-71.3527,9.59,3.7,mwr,,40,0.792,0.92,5.9,4.5,,,Felt by a few,III
2.02E+13,8.5547,-71.3658,12.36,4.6,mb,,37,0.794,0.93,5.1,4.7,0.073,56,Felt by a few,II
2.02E+13,8.559,-71.3893,4.87,4.2,mwr,,36,0.813,0.87,5.2,4.5,,,Felt by most,V
2.02E+13,8.5093,-71.4131,2.74,3.9,mwr,,39,0.855,0.91,5.3,4.1,,,Severe damage,VIII
2.02E+13,8.5554,-71.3886,12.54,4.2,mb,,53,0.814,0.5,3.8,5.3,0.215,6,Severe damage,II
2.02E+13,8.5222,-71.378,9.22,4.8,mwr,,40,0.818,0.72,5.3,4.3,,,Felt by a few,III
2.02E+13,8.5039,-71.3647,10,4.8,mwr,,34,0.815,0.76,2.7,1.8,,,Felt by a few,III
2.02E+13,8.5216,-71.3715,7.66,4.2,mwr,,36,0.813,0.84,3.9,4.5,,,Felt by a few,III
2.02E+13,6.7085,-72.9931,167.26,4.8,mb,,34,2.274,1.21,7.2,5.6,0.032,306,Not felt,I
2.02E+13,8.5889,-71.373,10,3.9,mwr,,42,0.787,1.14,5.4,1.9,,,Felt by a few,III
2.02E+13,8.6255,-71.3945,10,4.4,mb,,39,0.794,0.81,4.3,1.4,0.13,17,Felt by a few,III
2.02E+13,9.6102,-70.7754,18.4,4.5,mb,,46,0.735,1.14,5.4,4.6,0.07,60,Felt by a few,II
2.02E+13,6.8618,-73.1043,149.3,4,mb,,47,1.385,0.94,6.3,7,0.183,8,Not felt,I
2.02E+13,6.7957,-73.0323,154.39,4.4,mb,,42,1.463,0.99,6.9,7,0.095,32,Not felt,I
2.02E+13,3.6211,-72.9565,14.89,4.4,mb,,73,1.824,1.06,7.2,2.5,0.149,13,Not felt,II
2.02E+13,6.878,-73.0318,156.03,4,mb,,96,1.383,1.02,8,6.6,0.082,40,Not felt,I
2.02E+13,6.8753,-73.239,159.5,4.2,mb,,80,1.358,0.57,6.7,9.6,0.199,7,Not felt,I
2.02E+13,6.8131,-73.1316,153.54,4,mwr,,94,1.429,0.66,8,6.8,,,Not felt,I
2.02E+13,6.8819,-73.0951,158.41,4.3,mwr,,71,1.367,0.98,7.7,8.5,,,Not felt,I
2.02E+13,6.8362,-72.9767,150.63,4.2,mb,,46,1.435,0.97,7.4,6.7,0.121,19,Not felt,I
2.02E+13,8.5588,-71.3297,8.95,4.4,mb,,36,0.759,0.77,4.6,1.9,0.083,42,Felt by a few,III
2.02E+13,6.9191,-73.0666,146.5,4.2,mb,,109,1.336,1.19,7.3,5.2,0.121,19,Not felt,I
2.02E+13,6.8371,-73.0254,150.45,4.2,mb,,56,1.424,1.2,7.6,7.4,0.083,40,Not felt,I
2.02E+13,6.8015,-73.0183,136.67,4.2,mwr,,42,1.95,1,7.1,6.4,,,Not felt,I
2.02E+13,6.8164,-73.0401,157.27,4.9,mwr,,66,2.336,0.67,7.7,8.4,,,Not felt,I
2.02E+13,6.7882,-72.9375,156.04,4.2,mb,,63,2.371,1.26,5.5,12,0.136,15,Not felt,I
2.02E+13,7.3736,-76.1686,18,6,mww,,32,3.112,1.18,6.6,1.8,,,Not felt,II
2.02E+13,6.7389,-73.0345,148.47,4.4,mwr,,91,2.547,0.87,9.4,11.5,,,Not felt,I
2.02E+13,7.5507,-73.2753,153.02,4.4,mb,,66,2.882,0.85,4.3,13.1,0.138,15,Not felt,I
2.02E+13,3.3938,-74.2744,61.75,4.5,mb,,65,1.442,0.99,5.5,9.7,0.132,19,Not felt,I
2.02E+13,7.495,-73.3608,123.28,4.5,mb,,36,1.615,1.42,6.4,8.6,0.097,31,Not felt,I
2.02E+13,2.6595,-75.5794,10,4.4,mb,,100,2.507,1.05,7.7,1.9,0.112,23,Felt by a few,III
2.02E+13,1.6873,-76.9221,138.08,4.7,mb,,42,1.295,1.38,7,5.5,0.053,108,Not felt,I
2.02E+13,6.7894,-73.0015,153.52,4.1,mb,,68,0.894,0.72,9.3,9,0.093,32,Not felt,I
2.02E+13,6.0601,-77.9396,5.96,5.2,mww,,37,3.614,0.79,6.4,2.9,0.054,33,Felt by most,V
2.02E+13,6.8107,-72.9933,152.04,4.3,mb,,74,0.916,0.86,8.6,8.5,0.074,52,Not felt,I
2.02E+13,6.5268,-72.7996,175.11,4.2,mb,,113,2.254,0.64,10.2,9.2,0.128,17,Not felt,I
2.02E+13,6.7392,-72.9569,162.2,4.3,mb,,80,0.85,0.37,7.9,12.7,0.53,1,Not felt,I
2.02E+13,6.8208,-72.9632,148.07,4,mb,,43,0.929,0.48,7.2,7.6,0.119,19,Not felt,I
2.02E+13,7.669,-78.4157,10,4.2,mb,,102,2.047,0.78,8.4,1.3,0.373,2,Felt by a few,III
2.02E+13,6.7983,-72.9907,165.12,4.7,mb,,64,2.349,0.74,8.7,7.4,0.032,289,Not felt,I
2.02E+13,9.4251,-78.4984,67.69,4.1,mb,,79,1.346,1.14,9.3,12,0.158,11,Not felt,I
2.02E+13,7.5275,-73.148,128.61,5.1,mww,,30,2.83,0.9,4.9,3.6,0.052,35,Not felt,I
2.02E+13,2.4828,-76.0318,157.28,5.1,mww,,24,1.65,0.82,6.2,4,0.052,35,Not felt,I
2.02E+13,2.7641,-74.9148,46.1,4.7,mb,,100,0.925,1.15,6.7,7.3,0.063,77,Not felt,I
2.02E+13,4.7377,-76.1183,105.19,4.5,mb,,80,1.595,0.72,4.3,7.2,0.061,80,Not felt,I
2.02E+13,7.4948,-76.076,42.05,4.4,mb,,81,1.357,1.28,6.7,11.2,0.109,24,Not felt,I
2.02E+13,9.6384,-78.9606,56.3,4.5,mb,,60,0.984,1.39,7.8,11.2,0.061,78,Not felt,I
2.02E+13,6.7772,-73.0024,165.28,4.3,mb,,92,2.325,0.78,10.8,9.5,0.081,43,Not felt,I
2.02E+13,4.1427,-76.2035,156.27,4.6,mb,,91,2.002,0.76,7.8,6.3,0.051,114,Not felt,I
2.02E+13,3.6044,-78.0778,31.37,4.8,mb,,119,1.872,1.21,8.3,5.3,0.111,25,Not felt,I
2.02E+13,8.3459,-71.7188,10,4.9,mb,,19,1.198,0.71,6.6,1.8,0.024,525,Felt by a few,III
2.02E+13,12.1926,-77.3864,14.12,4.5,mb,,68,3.853,0.96,8.3,5.4,0.066,68,Felt by a few,II
2.02E+13,7.7652,-75.0172,35,4.5,mb,,114,2.982,0.85,3.2,2,0.102,28,Not felt,I
2.02E+13,6.7387,-72.8998,165.4,4.2,mb,,96,2.353,0.87,11.8,13.6,0.121,19,Not felt,I
2.02E+13,7.3432,-73.0316,150.8,4.3,mb,,61,2.793,0.88,7.9,7.8,0.052,102,Not felt,I
2.02E+13,5.1865,-75.5438,110.03,5.3,mww,,21,1.264,0.95,6.8,4.1,0.048,42,Not felt,I
2.02E+13,1.859,-75.7791,35.86,4.5,mb,,72,2.306,0.86,6.2,6.3,0.118,21,Not felt,I
2.02E+13,3.3148,-74.1082,46.79,4.4,mb,,81,1.534,0.91,6.5,11.4,0.087,38,Not felt,I
2.02E+13,12.2604,-69.9949,10,2.8,ml,,166,0.244,0.78,3.9,2,0.128,8,Not felt,II
2.02E+13,6.7626,-72.966,160.16,4.5,mb,,47,2.334,1,2.5,6.2,0.044,151,Not felt,I
2.02E+13,7.262,-73.4769,102.64,4.5,mb,,69,1.415,1.06,7.6,8.5,0.04,185,Not felt,I
2.02E+13,1.2764,-77.4896,10,3.4,ml,,183,0.631,1.01,9.2,1.9,0.148,6,Not felt,II
2.02E+13,6.7417,-72.8204,163.27,4.1,mb,,80,2.404,0.7,7.5,7.7,0.062,70,Not felt,I
2.02E+13,1.0673,-77.2722,11.55,4.9,mwr,,42,0.621,1.06,4.8,3.3,0.098,10,Felt by a few,III
2.02E+13,4.2587,-73.662,49.03,4.3,mb,,81,0.878,1.33,3.4,14.3,0.177,9,Not felt,I
2.02E+13,9.858,-78.6394,35,4.9,mb,,61,1.366,1.09,6.7,2,0.027,438,Not felt,I
2.02E+13,6.736,-73.0257,161.11,4.3,mb,,66,2.278,0.64,8.3,8.8,0.137,15,Not felt,I
2.02E+13,6.5258,-72.7411,172.7,4.1,mb,,115,2.293,0.28,12.2,13.2,0.198,7,Not felt,I
2.02E+13,6.7486,-73.025,162.03,4.5,mb,,70,2.289,1.01,8.8,9.7,0.037,210,Not felt,I
2.02E+13,4.7859,-76.2596,96.71,4.7,mb,,77,3.348,0.76,8,7.5,0.082,45,Not felt,I
2.02E+13,6.7828,-73.0085,159.16,4.1,mb,,66,2.326,0.62,9.6,9.6,0.093,32,Not felt,I
2.02E+13,7.1417,-76.7067,10,4.5,mb,,87,3.291,1.19,3.6,1.9,0.121,20,Felt by a few,III
2.02E+13,11.2634,-70.593,10,4.4,mb,,70,1.359,0.67,3.9,1.9,0.084,41,Felt by a few,III
2.02E+13,6.8501,-72.5916,170.71,4.3,mb,,110,1.069,0.4,10.8,11.3,0.237,5,Not felt,I
2.02E+13,9.3617,-70.6608,7.46,4.6,mb,,46,0.475,0.98,5.2,3.2,0.069,62,Not felt,IV
2.02E+13,6.6657,-72.931,162.42,4.5,mb,,62,0.782,0.64,8.8,8,0.08,46,Not felt,I
2.02E+13,6.6645,-72.911,163.72,4.4,mb,,90,0.785,1.03,8.8,7.1,0.13,17,Not felt,I
2.02E+13,12.2611,-69.9253,10,2.9,mb_lg,,100,0.949,0.78,3.1,2,0.255,4,Not felt,II
2.02E+13,6.8088,-73.0399,151.76,4.4,mb,,42,0.911,1.03,3.1,5.8,0.042,164,Not felt,I
2.02E+13,3.7464,-78.7119,14.24,5,mww,,129,1.898,0.97,6.9,4.2,0.073,18,Not felt,II
,13.306,,,,,5,19,,,,,,23.45608108,,
